标准技能名称,技能一级类型,技能簇编号,技能簇名称,原始技能类型,历史技能岗位数,历史与AI共同出现岗位数,近年与AI共同出现岗位数,活跃月份数,AI共现提升度,与AI共现强度_NPMI,历史AI协同占比,指标口径
Python,其他技能,13,云计算、系统运维与DevOps,工具软件与技术平台,208665,40161,13418,115,18.027159712599772,0.540555149586132,0.1924663935015455,2016—2025年招聘岗位；NPMI为标准化逐点互信息，越高表示该技能与AI核心技能越倾向于超出随机水平共同出现
沟通能力,非技术型技能,2,组织协调与商业执行,非技术性能力,3672245,39696,12251,114,1.0124824328972584,0.0023137591246132,0.010809736278489,2016—2025年招聘岗位；NPMI为标准化逐点互信息，越高表示该技能与AI核心技能越倾向于超出随机水平共同出现
团队合作,非技术型技能,1,表达沟通与通用办公协作,非技术性能力,1913442,29573,9130,114,1.447613014055862,0.0654039422000211,0.0154553939967869,2016—2025年招聘岗位；NPMI为标准化逐点互信息，越高表示该技能与AI核心技能越倾向于超出随机水平共同出现
Java,其他技能,3,Java后端开发与中间件,工具软件与技术平台,412065,22897,4771,112,5.20457479473715,0.2790283002566912,0.0555664761627413,2016—2025年招聘岗位；NPMI为标准化逐点互信息，越高表示该技能与AI核心技能越倾向于超出随机水平共同出现
C++,其他技能,7,网络通信与软件开发基础,工具软件与技术平台,154699,21817,7447,114,13.209303636861897,0.4330376433861118,0.1410287073607457,2016—2025年招聘岗位；NPMI为标准化逐点互信息，越高表示该技能与AI核心技能越倾向于超出随机水平共同出现
数据分析,其他技能,15,人工智能与数据挖掘,工具软件与技术平台,424552,19433,4942,114,4.287275158278575,0.2395835715582029,0.0457729559629915,2016—2025年招聘岗位；NPMI为标准化逐点互信息，越高表示该技能与AI核心技能越倾向于超出随机水平共同出现
数据挖掘,其他技能,15,人工智能与数据挖掘,工具软件与技术平台,45578,19302,2671,114,39.66609477274062,0.605094057490534,0.4234937908640133,2016—2025年招聘岗位；NPMI为标准化逐点互信息，越高表示该技能与AI核心技能越倾向于超出随机水平共同出现
Linux,其他技能,13,云计算、系统运维与DevOps,工具软件与技术平台,323847,16695,4054,113,4.82857457315577,0.2528335723258659,0.0515521218353111,2016—2025年招聘岗位；NPMI为标准化逐点互信息，越高表示该技能与AI核心技能越倾向于超出随机水平共同出现
学习能力,非技术型技能,1,表达沟通与通用办公协作,非技术性能力,778925,16481,4741,114,1.9818022374006232,0.1096073052567792,0.0211586481368552,2016—2025年招聘岗位；NPMI为标准化逐点互信息，越高表示该技能与AI核心技能越倾向于超出随机水平共同出现
责任心,非技术型技能,1,表达沟通与通用办公协作,非技术性能力,1688678,13795,4115,114,0.7651511887801566,-0.0417052361927749,0.0081691121694011,2016—2025年招聘岗位；NPMI为标准化逐点互信息，越高表示该技能与AI核心技能越倾向于超出随机水平共同出现
Hadoop,其他技能,19,大数据工程与数据仓库,工具软件与技术平台,58556,12468,1494,112,19.943335231605353,0.4590637117516954,0.2129243800806066,2016—2025年招聘岗位；NPMI为标准化逐点互信息，越高表示该技能与AI核心技能越倾向于超出随机水平共同出现
Spark,其他技能,19,大数据工程与数据仓库,工具软件与技术平台,44287,12456,1723,112,26.343576458227023,0.5016810390882169,0.2812563506220787,2016—2025年招聘岗位；NPMI为标准化逐点互信息，越高表示该技能与AI核心技能越倾向于超出随机水平共同出现
数据库技术,专业知识,3,Java后端开发与中间件,专业知识与行业经验,446609,12437,3285,113,2.608318139236395,0.1469944555730884,0.027847625103838,2016—2025年招聘岗位；NPMI为标准化逐点互信息，越高表示该技能与AI核心技能越倾向于超出随机水平共同出现
问题解决,非技术型技能,1,表达沟通与通用办公协作,非技术性能力,418445,11162,3611,114,2.4984808973832617,0.1381076007315004,0.0266749513078182,2016—2025年招聘岗位；NPMI为标准化逐点互信息，越高表示该技能与AI核心技能越倾向于超出随机水平共同出现
逻辑思维,非技术型技能,1,表达沟通与通用办公协作,非技术性能力,384423,10292,2582,113,2.5076262760494954,0.1369821215114158,0.0267725916503435,2016—2025年招聘岗位；NPMI为标准化逐点互信息，越高表示该技能与AI核心技能越倾向于超出随机水平共同出现
数据处理,其他技能,19,大数据工程与数据仓库,具体专业技能,78941,9975,2997,111,11.83539287085704,0.3664872978472057,0.1263601930555731,2016—2025年招聘岗位；NPMI为标准化逐点互信息，越高表示该技能与AI核心技能越倾向于超出随机水平共同出现
SQL,其他技能,3,Java后端开发与中间件,工具软件与技术平台,233186,9295,2591,111,3.7335271972729576,0.1933516288332832,0.0398608835864931,2016—2025年招聘岗位；NPMI为标准化逐点互信息，越高表示该技能与AI核心技能越倾向于超出随机水平共同出现
MySQL,其他技能,3,Java后端开发与中间件,工具软件与技术平台,252370,7560,1762,110,2.805798416298519,0.1469671023029211,0.0299560169592265,2016—2025年招聘岗位；NPMI为标准化逐点互信息，越高表示该技能与AI核心技能越倾向于超出随机水平共同出现
抗压能力,非技术型技能,2,组织协调与商业执行,非技术性能力,746198,7467,2494,111,0.9372694652013132,-0.0092124979049855,0.0100067274369537,2016—2025年招聘岗位；NPMI为标准化逐点互信息，越高表示该技能与AI核心技能越倾向于超出随机水平共同出现
R语言,其他技能,15,人工智能与数据挖掘,工具软件与技术平台,24384,7208,961,114,27.68740326883848,0.469891759905805,0.2956036745406824,2016—2025年招聘岗位；NPMI为标准化逐点互信息，越高表示该技能与AI核心技能越倾向于超出随机水平共同出现
组织协调,非技术型技能,2,组织协调与商业执行,非技术性能力,1196963,6921,2144,113,0.541577385473791,-0.0862766978848688,0.0057821336164944,2016—2025年招聘岗位；NPMI为标准化逐点互信息，越高表示该技能与AI核心技能越倾向于超出随机水平共同出现
Hive,其他技能,19,大数据工程与数据仓库,工具软件与技术平台,35935,6883,1023,112,17.940416377635156,0.4058459757473879,0.1915402810630304,2016—2025年招聘岗位；NPMI为标准化逐点互信息，越高表示该技能与AI核心技能越倾向于超出随机水平共同出现
表达能力,非技术型技能,1,表达沟通与通用办公协作,非技术性能力,782782,6841,1886,113,0.8185612051286041,-0.0281197857151978,0.0087393424989332,2016—2025年招聘岗位；NPMI为标准化逐点互信息，越高表示该技能与AI核心技能越倾向于超出随机水平共同出现
需求分析,其他技能,1,表达沟通与通用办公协作,具体专业技能,242424,6724,2281,111,2.597912322679459,0.1337679788739133,0.0277365277365277,2016—2025年招聘岗位；NPMI为标准化逐点互信息，越高表示该技能与AI核心技能越倾向于超出随机水平共同出现
Caffe,其他技能,15,人工智能与数据挖掘,工具软件与技术平台,6367,6338,1025,112,93.23732026379672,0.630217303581606,0.99544526464583,2016—2025年招聘岗位；NPMI为标准化逐点互信息，越高表示该技能与AI核心技能越倾向于超出随机水平共同出现
数据建模,其他技能,19,大数据工程与数据仓库,工具软件与技术平台,35361,6332,1161,111,16.772151084850606,0.3917848659281825,0.1790673340686066,2016—2025年招聘岗位；NPMI为标准化逐点互信息，越高表示该技能与AI核心技能越倾向于超出随机水平共同出现
OpenCV,其他技能,15,人工智能与数据挖掘,工具软件与技术平台,10318,5968,1707,113,54.17584437692572,0.5501737507350661,0.5784066679589067,2016—2025年招聘岗位；NPMI为标准化逐点互信息，越高表示该技能与AI核心技能越倾向于超出随机水平共同出现
云计算,其他技能,13,云计算、系统运维与DevOps,工具软件与技术平台,70019,5800,1630,111,7.758620106710439,0.2812410152544333,0.0828346591639412,2016—2025年招聘岗位；NPMI为标准化逐点互信息，越高表示该技能与AI核心技能越倾向于超出随机水平共同出现
英语,其他技能,4,供应链与物流管理,语言能力,561192,5783,1876,112,0.9651929007574634,-0.0048611748370708,0.0103048511026529,2016—2025年招聘岗位；NPMI为标准化逐点互信息，越高表示该技能与AI核心技能越倾向于超出随机水平共同出现
MATLAB,其他技能,15,人工智能与数据挖掘,工具软件与技术平台,29178,5744,1231,113,18.438742919618814,0.3995373049336885,0.1968606484337514,2016—2025年招聘岗位；NPMI为标准化逐点互信息，越高表示该技能与AI核心技能越倾向于超出随机水平共同出现
主动性,非技术型技能,1,表达沟通与通用办公协作,非技术性能力,408887,5427,1523,112,1.2431654066017952,0.0296083169084545,0.0132726156615397,2016—2025年招聘岗位；NPMI为标准化逐点互信息，越高表示该技能与AI核心技能越倾向于超出随机水平共同出现
Shell,其他技能,13,云计算、系统运维与DevOps,工具软件与技术平台,100992,5339,1094,112,4.951597625115983,0.2171250653457761,0.0528655735107731,2016—2025年招聘岗位；NPMI为标准化逐点互信息，越高表示该技能与AI核心技能越倾向于超出随机水平共同出现
项目管理,其他技能,1,表达沟通与通用办公协作,方法、标准与流程,401288,5305,1853,111,1.2382308306651624,0.0289776674638763,0.013219931819541,2016—2025年招聘岗位；NPMI为标准化逐点互信息，越高表示该技能与AI核心技能越倾向于超出随机水平共同出现
分析判断,非技术型技能,2,组织协调与商业执行,非技术性能力,380334,5158,1230,114,1.2702481902098433,0.0323164673908741,0.0135617641336299,2016—2025年招聘岗位；NPMI为标准化逐点互信息，越高表示该技能与AI核心技能越倾向于超出随机水平共同出现
算法建模,其他技能,15,人工智能与数据挖掘,方法、标准与流程,6003,4965,3026,110,77.46817187713556,0.5846347692866848,0.8270864567716142,2016—2025年招聘岗位；NPMI为标准化逐点互信息，越高表示该技能与AI核心技能越倾向于超出随机水平共同出现
聚类分析,其他技能,15,人工智能与数据挖掘,具体专业技能,7148,4949,640,112,64.84930229760317,0.5604946429266634,0.6923614997202014,2016—2025年招聘岗位；NPMI为标准化逐点互信息，越高表示该技能与AI核心技能越倾向于超出随机水平共同出现
操作系统,专业知识,7,网络通信与软件开发基础,专业知识与行业经验,187840,4884,1390,111,2.4353420840495095,0.1193664165645139,0.0260008517887563,2016—2025年招聘岗位；NPMI为标准化逐点互信息，越高表示该技能与AI核心技能越倾向于超出随机水平共同出现
执行力,非技术型技能,2,组织协调与商业执行,非技术性能力,646754,4862,1400,111,0.7041225110389594,-0.0470164589491992,0.0075175414454336,2016—2025年招聘岗位；NPMI为标准化逐点互信息，越高表示该技能与AI核心技能越倾向于超出随机水平共同出现
书面表达,非技术型技能,1,表达沟通与通用办公协作,非技术性能力,463033,4785,1529,111,0.967926535544336,-0.0043597738337727,0.010334036666933,2016—2025年招聘岗位；NPMI为标准化逐点互信息，越高表示该技能与AI核心技能越倾向于超出随机水平共同出现
推荐算法,其他技能,15,人工智能与数据挖掘,方法、标准与流程,6931,4741,589,107,64.0687800326018,0.5556625768768312,0.6840282787476555,2016—2025年招聘岗位；NPMI为标准化逐点互信息，越高表示该技能与AI核心技能越倾向于超出随机水平共同出现
HBase,其他技能,19,大数据工程与数据仓库,工具软件与技术平台,31567,4703,492,110,13.95449313800542,0.3516967924086692,0.1489846992112015,2016—2025年招聘岗位；NPMI为标准化逐点互信息，越高表示该技能与AI核心技能越倾向于超出随机水平共同出现
方案设计,其他技能,11,嵌入式与电子硬件开发,方法、标准与流程,177873,4602,1874,109,2.423310044148694,0.1177629565611198,0.0258723920999814,2016—2025年招聘岗位；NPMI为标准化逐点互信息，越高表示该技能与AI核心技能越倾向于超出随机水平共同出现
知识图谱,其他技能,15,人工智能与数据挖掘,方法、标准与流程,5466,4439,1033,109,76.06553350292576,0.5735465235480395,0.8121112330772046,2016—2025年招聘岗位；NPMI为标准化逐点互信息，越高表示该技能与AI核心技能越倾向于超出随机水平共同出现
Redis,其他技能,3,Java后端开发与中间件,工具软件与技术平台,99369,4355,1013,109,4.104966695974716,0.1865172674838187,0.0438265455021183,2016—2025年招聘岗位；NPMI为标准化逐点互信息，越高表示该技能与AI核心技能越倾向于超出随机水平共同出现
创新能力,非技术型技能,5,视觉设计与数字内容制作,非技术性能力,204963,4254,1535,112,1.9439917361072736,0.0875253336669363,0.020754965530364,2016—2025年招聘岗位；NPMI为标准化逐点互信息，越高表示该技能与AI核心技能越倾向于超出随机水平共同出现
数据结构与算法,其他技能,7,网络通信与软件开发基础,方法、标准与流程,27879,4247,1023,108,14.268471991996307,0.3499041333975116,0.1523368843932709,2016—2025年招聘岗位；NPMI为标准化逐点互信息，越高表示该技能与AI核心技能越倾向于超出随机水平共同出现
Scala,其他技能,19,大数据工程与数据仓库,工具软件与技术平台,12413,4150,582,108,31.314374365512194,0.4520011501671624,0.3343269153307017,2016—2025年招聘岗位；NPMI为标准化逐点互信息，越高表示该技能与AI核心技能越倾向于超出随机水平共同出现
Oracle,其他技能,3,Java后端开发与中间件,工具软件与技术平台,231295,3855,821,108,1.5610993245120823,0.0578928313697965,0.0166670269569164,2016—2025年招聘岗位；NPMI为标准化逐点互信息，越高表示该技能与AI核心技能越倾向于超出随机水平共同出现
卷积神经网络,其他技能,15,人工智能与数据挖掘,工具软件与技术平台,3896,3823,957,108,91.90893797553068,0.5869875688547997,0.9812628336755648,2016—2025年招聘岗位；NPMI为标准化逐点互信息，越高表示该技能与AI核心技能越倾向于超出随机水平共同出现
数据仓库,其他技能,19,大数据工程与数据仓库,工具软件与技术平台,32403,3740,699,112,10.810823558703992,0.3082156619697613,0.1154214115976915,2016—2025年招聘岗位；NPMI为标准化逐点互信息，越高表示该技能与AI核心技能越倾向于超出随机水平共同出现
嵌入式,其他技能,11,嵌入式与电子硬件开发,方法、标准与流程,92761,3627,1108,111,3.662305183770615,0.1674024647260909,0.0391004840396287,2016—2025年招聘岗位；NPMI为标准化逐点互信息，越高表示该技能与AI核心技能越倾向于超出随机水平共同出现
支持向量机,其他技能,15,人工智能与数据挖掘,具体专业技能,3962,3610,532,110,85.34245438209749,0.5730970431445499,0.91115598182736,2016—2025年招聘岗位；NPMI为标准化逐点互信息，越高表示该技能与AI核心技能越倾向于超出随机水平共同出现
Kafka,其他技能,19,大数据工程与数据仓库,工具软件与技术平台,36773,3451,789,109,8.789988269784791,0.2785232351631055,0.0938460283360074,2016—2025年招聘岗位；NPMI为标准化逐点互信息，越高表示该技能与AI核心技能越倾向于超出随机水平共同出现
语音识别,其他技能,15,人工智能与数据挖掘,方法、标准与流程,4703,3179,588,107,63.31227905736395,0.5259946731756799,0.6759515203061875,2016—2025年招聘岗位；NPMI为标准化逐点互信息，越高表示该技能与AI核心技能越倾向于超出随机水平共同出现
领导力,非技术型技能,2,组织协调与商业执行,非技术性能力,313834,3166,981,111,0.9448944896209496,-0.007183794921358,0.0100881357660419,2016—2025年招聘岗位；NPMI为标准化逐点互信息，越高表示该技能与AI核心技能越倾向于超出随机水平共同出现
决策树,其他技能,15,人工智能与数据挖掘,具体专业技能,4412,3141,455,111,66.68141860567468,0.5317582373894079,0.7119220308250227,2016—2025年招聘岗位；NPMI为标准化逐点互信息，越高表示该技能与AI核心技能越倾向于超出随机水平共同出现
Apache Storm,其他技能,19,大数据工程与数据仓库,工具软件与技术平台,13443,3096,173,103,21.57134135437035,0.3881604906941524,0.2303057353269359,2016—2025年招聘岗位；NPMI为标准化逐点互信息，越高表示该技能与AI核心技能越倾向于超出随机水平共同出现
风险管理,专业知识,14,金融风控、投资与合规,专业知识与行业经验,126358,3028,645,109,2.2445305739826305,0.1018921332931153,0.0239636588106807,2016—2025年招聘岗位；NPMI为标准化逐点互信息，越高表示该技能与AI核心技能越倾向于超出随机水平共同出现
Spring,其他技能,3,Java后端开发与中间件,工具软件与技术平台,140255,3000,835,108,2.0034352008537093,0.0874689214615406,0.0213896117785462,2016—2025年招聘岗位；NPMI为标准化逐点互信息，越高表示该技能与AI核心技能越倾向于超出随机水平共同出现
Docker,其他技能,13,云计算、系统运维与DevOps,工具软件与技术平台,35246,2939,1276,105,7.810199854710427,0.258068855641211,0.0833853486920501,2016—2025年招聘岗位；NPMI为标准化逐点互信息，越高表示该技能与AI核心技能越倾向于超出随机水平共同出现
MXNet,其他技能,15,人工智能与数据挖掘,工具软件与技术平台,2887,2884,346,107,93.56660466598608,0.568503131249815,0.9989608590232076,2016—2025年招聘岗位；NPMI为标准化逐点互信息，越高表示该技能与AI核心技能越倾向于超出随机水平共同出现
循环神经网络,其他技能,15,人工智能与数据挖掘,工具软件与技术平台,2909,2880,676,107,92.73019317012978,0.5672797725597901,0.9900309384668272,2016—2025年招聘岗位；NPMI为标准化逐点互信息，越高表示该技能与AI核心技能越倾向于超出随机水平共同出现
JavaScript,其他技能,10,Web前端开发,工具软件与技术平台,197616,2778,844,110,1.3166869615448773,0.0342998112551408,0.0140575661889725,2016—2025年招聘岗位；NPMI为标准化逐点互信息，越高表示该技能与AI核心技能越倾向于超出随机水平共同出现
GPU,其他技能,15,人工智能与数据挖掘,工具软件与技术平台,5959,2767,970,109,43.49187905872934,0.4701047496344975,0.4643396543044135,2016—2025年招聘岗位；NPMI为标准化逐点互信息，越高表示该技能与AI核心技能越倾向于超出随机水平共同出现
PowerPoint,其他技能,1,表达沟通与通用办公协作,方法、标准与流程,270190,2755,913,109,0.955046967299253,-0.005728356637084,0.0101965283689255,2016—2025年招聘岗位；NPMI为标准化逐点互信息，越高表示该技能与AI核心技能越倾向于超出随机水平共同出现
SAS,其他技能,15,人工智能与数据挖掘,方法、标准与流程,12820,2723,262,108,19.89445352451097,0.3718993869190451,0.212402496099844,2016—2025年招聘岗位；NPMI为标准化逐点互信息，越高表示该技能与AI核心技能越倾向于超出随机水平共同出现
统计分析,其他技能,15,人工智能与数据挖掘,方法、标准与流程,94674,2647,485,111,2.6187594814536053,0.1193040902428022,0.0279591017597228,2016—2025年招聘岗位；NPMI为标准化逐点互信息，越高表示该技能与AI核心技能越倾向于超出随机水平共同出现
Go,其他技能,13,云计算、系统运维与DevOps,工具软件与技术平台,29233,2643,934,107,8.46829882011235,0.264698156099281,0.0904115212260117,2016—2025年招聘岗位；NPMI为标准化逐点互信息，越高表示该技能与AI核心技能越倾向于超出随机水平共同出现
管理能力,非技术型技能,2,组织协调与商业执行,非技术性能力,328343,2510,857,108,0.7160087959646873,-0.0411283526218737,0.0076444449858836,2016—2025年招聘岗位；NPMI为标准化逐点互信息，越高表示该技能与AI核心技能越倾向于超出随机水平共同出现
MongoDB,其他技能,3,Java后端开发与中间件,工具软件与技术平台,43841,2416,498,109,5.161653845299306,0.2011192693369903,0.055108232020255,2016—2025年招聘岗位；NPMI为标准化逐点互信息，越高表示该技能与AI核心技能越倾向于超出随机水平共同出现
软件开发流程,其他技能,1,表达沟通与通用办公协作,方法、标准与流程,127392,2379,909,112,1.7491404534658337,0.068385662058818,0.0186746420497362,2016—2025年招聘岗位；NPMI为标准化逐点互信息，越高表示该技能与AI核心技能越倾向于超出随机水平共同出现
网络安全,其他技能,22,网络运维与信息安全,工具软件与技术平台,106544,2379,867,109,2.0914035576655605,0.0902435190483119,0.0223288031235921,2016—2025年招聘岗位；NPMI为标准化逐点互信息，越高表示该技能与AI核心技能越倾向于超出随机水平共同出现
Office办公软件,其他技能,1,表达沟通与通用办公协作,工具软件与技术平台,1143370,2283,903,109,0.1870214916578674,-0.2040261754150227,0.0019967289678756,2016—2025年招聘岗位；NPMI为标准化逐点互信息，越高表示该技能与AI核心技能越倾向于超出随机水平共同出现
强化学习,其他技能,15,人工智能与数据挖掘,方法、标准与流程,2462,2259,1165,105,85.94103512757513,0.5412938870229083,0.9175467099918764,2016—2025年招聘岗位；NPMI为标准化逐点互信息，越高表示该技能与AI核心技能越倾向于超出随机水平共同出现
C#,其他技能,7,网络通信与软件开发基础,工具软件与技术平台,78126,2194,1035,111,2.6303493424555504,0.117126847008907,0.028082840539641,2016—2025年招聘岗位；NPMI为标准化逐点互信息，越高表示该技能与AI核心技能越倾向于超出随机水平共同出现
Axure,其他技能,1,表达沟通与通用办公协作,方法、标准与流程,64584,2181,608,107,3.1630286383252946,0.1393607179848018,0.0337699739873652,2016—2025年招聘岗位；NPMI为标准化逐点互信息，越高表示该技能与AI核心技能越倾向于超出随机水平共同出现
Kubernetes,其他技能,13,云计算、系统运维与DevOps,工具软件与技术平台,24103,2180,972,95,8.471450758947112,0.258574043207223,0.0904451728000663,2016—2025年招聘岗位；NPMI为标准化逐点互信息，越高表示该技能与AI核心技能越倾向于超出随机水平共同出现
ETL,其他技能,19,大数据工程与数据仓库,工具软件与技术平台,25544,2174,441,104,7.971554730453756,0.2511298512458191,0.0851080488568744,2016—2025年招聘岗位；NPMI为标准化逐点互信息，越高表示该技能与AI核心技能越倾向于超出随机水平共同出现
诚信与职业道德,非技术型技能,14,金融风控、投资与合规,非技术性能力,459888,2104,658,110,0.4285150267147876,-0.1021136104835148,0.0045750269630866,2016—2025年招聘岗位；NPMI为标准化逐点互信息，越高表示该技能与AI核心技能越倾向于超出随机水平共同出现
Flink,其他技能,19,大数据工程与数据仓库,工具软件与技术平台,9802,2026,647,98,19.359633921579377,0.3554406965768294,0.2066925117322995,2016—2025年招聘岗位；NPMI为标准化逐点互信息，越高表示该技能与AI核心技能越倾向于超出随机水平共同出现
市场调研,其他技能,2,组织协调与商业执行,方法、标准与流程,179078,1975,669,108,1.0329927240068213,0.0038817894901624,0.0110287137448486,2016—2025年招聘岗位；NPMI为标准化逐点互信息，越高表示该技能与AI核心技能越倾向于超出随机水平共同出现
编程规范,其他技能,7,网络通信与软件开发基础,方法、标准与流程,52127,1959,803,107,3.5200116652505664,0.1503488642894816,0.0375812918449172,2016—2025年招聘岗位；NPMI为标准化逐点互信息，越高表示该技能与AI核心技能越倾向于超出随机水平共同出现
Excel,其他技能,1,表达沟通与通用办公协作,方法、标准与流程,329841,1943,747,110,0.5517477363921981,-0.0709750722778377,0.0058907170424537,2016—2025年招聘岗位；NPMI为标准化逐点互信息，越高表示该技能与AI核心技能越倾向于超出随机水平共同出现
数据清洗,其他技能,15,人工智能与数据挖掘,工具软件与技术平台,6376,1943,837,109,28.542820752719415,0.4000008558009372,0.3047365119196988,2016—2025年招聘岗位；NPMI为标准化逐点互信息，越高表示该技能与AI核心技能越倾向于超出随机水平共同出现
NoSQL,其他技能,3,Java后端开发与中间件,工具软件与技术平台,30936,1927,312,104,5.83431607719685,0.2103024422241009,0.0622898888026894,2016—2025年招聘岗位；NPMI为标准化逐点互信息，越高表示该技能与AI核心技能越倾向于超出随机水平共同出现
HTML,其他技能,10,Web前端开发,工具软件与技术平台,168341,1903,463,105,1.058817921548499,0.0068045118215146,0.0113044356395649,2016—2025年招聘岗位；NPMI为标准化逐点互信息，越高表示该技能与AI核心技能越倾向于超出随机水平共同出现
知识产权,专业知识,18,医药研发与药事管理,专业知识与行业经验,52124,1852,667,109,3.327941199097696,0.1426878507721446,0.0355306576624971,2016—2025年招聘岗位；NPMI为标准化逐点互信息，越高表示该技能与AI核心技能越倾向于超出随机水平共同出现
Elasticsearch,其他技能,19,大数据工程与数据仓库,工具软件与技术平台,14687,1753,281,104,11.179470111432492,0.2846321363190856,0.1193572547150541,2016—2025年招聘岗位；NPMI为标准化逐点互信息，越高表示该技能与AI核心技能越倾向于超出随机水平共同出现
自我驱动,非技术型技能,1,表达沟通与通用办公协作,非技术性能力,40668,1697,642,102,3.90842178576494,0.1601074669066859,0.0417281400609816,2016—2025年招聘岗位；NPMI为标准化逐点互信息，越高表示该技能与AI核心技能越倾向于超出随机水平共同出现
Scikit-learn,其他技能,15,人工智能与数据挖掘,工具软件与技术平台,1827,1697,610,108,86.99928690940808,0.5245442515799266,0.9288451012588944,2016—2025年招聘岗位；NPMI为标准化逐点互信息，越高表示该技能与AI核心技能越倾向于超出随机水平共同出现
Android开发,其他技能,7,网络通信与软件开发基础,工具软件与技术平台,97537,1635,339,107,1.5700763118834562,0.0527563659232973,0.0167628694751735,2016—2025年招聘岗位；NPMI为标准化逐点互信息，越高表示该技能与AI核心技能越倾向于超出随机水平共同出现
数理统计,其他技能,15,人工智能与数据挖掘,工具软件与技术平台,7142,1595,236,101,20.917666738201277,0.3545528766514244,0.2233267992159059,2016—2025年招聘岗位；NPMI为标准化逐点互信息，越高表示该技能与AI核心技能越倾向于超出随机水平共同出现
CSS,其他技能,10,Web前端开发,工具软件与技术平台,149686,1565,457,106,0.9792770052194336,-0.0024364295311907,0.0104552195930147,2016—2025年招聘岗位；NPMI为标准化逐点互信息，越高表示该技能与AI核心技能越倾向于超出随机水平共同出现
BI,其他技能,19,大数据工程与数据仓库,工具软件与技术平台,21636,1546,315,108,6.692754808837269,0.2208682213557971,0.0714549824366796,2016—2025年招聘岗位；NPMI为标准化逐点互信息，越高表示该技能与AI核心技能越倾向于超出随机水平共同出现
SPSS,其他技能,15,人工智能与数据挖掘,方法、标准与流程,11051,1521,125,102,12.891398486701537,0.2964691323200086,0.13763460320333,2016—2025年招聘岗位；NPMI为标准化逐点互信息，越高表示该技能与AI核心技能越倾向于超出随机水平共同出现
Git,其他技能,7,网络通信与软件开发基础,工具软件与技术平台,47844,1515,653,103,2.9659071371195385,0.126016394939894,0.0316654125909204,2016—2025年招聘岗位；NPMI为标准化逐点互信息，越高表示该技能与AI核心技能越倾向于超出随机水平共同出现
招投标,其他技能,16,建筑施工与工程造价,方法、标准与流程,171933,1473,507,99,0.8024461610685958,-0.0254280345865897,0.008567290746977,2016—2025年招聘岗位；NPMI为标准化逐点互信息，越高表示该技能与AI核心技能越倾向于超出随机水平共同出现
数据质量,其他技能,19,大数据工程与数据仓库,工具软件与技术平台,11945,1456,603,103,11.416884798755214,0.2809603433407759,0.1218920050230221,2016—2025年招聘岗位；NPMI为标准化逐点互信息，越高表示该技能与AI核心技能越倾向于超出随机水平共同出现
HTTP协议,其他技能,7,网络通信与软件开发基础,工具软件与技术平台,74249,1398,279,101,1.763554804894523,0.065152961890247,0.0188285364112648,2016—2025年招聘岗位；NPMI为标准化逐点互信息，越高表示该技能与AI核心技能越倾向于超出随机水平共同出现
MyBatis,其他技能,3,Java后端开发与中间件,工具软件与技术平台,71392,1390,336,103,1.8236338697756729,0.0689546458608917,0.0194699686239354,2016—2025年招聘岗位；NPMI为标准化逐点互信息，越高表示该技能与AI核心技能越倾向于超出随机水平共同出现
SQL Server,其他技能,3,Java后端开发与中间件,工具软件与技术平台,103683,1384,325,102,1.2502617171844308,0.0256204729094115,0.0133483791942748,2016—2025年招聘岗位；NPMI为标准化逐点互信息，越高表示该技能与AI核心技能越倾向于超出随机水平共同出现
数据治理,其他技能,19,大数据工程与数据仓库,工具软件与技术平台,10390,1370,622,101,12.350297453036886,0.2880045523203469,0.1318575553416746,2016—2025年招聘岗位；NPMI为标准化逐点互信息，越高表示该技能与AI核心技能越倾向于超出随机水平共同出现
多线程编程,其他技能,7,网络通信与软件开发基础,工具软件与技术平台,32969,1367,331,104,3.883605773088583,0.1554120165265161,0.0414631926961691,2016—2025年招聘岗位；NPMI为标准化逐点互信息，越高表示该技能与AI核心技能越倾向于超出随机水平共同出现
团队意识,非技术型技能,5,视觉设计与数字内容制作,非技术性能力,142456,1355,321,108,0.8909040792706138,-0.0132188433675926,0.0095117088785309,2016—2025年招聘岗位；NPMI为标准化逐点互信息，越高表示该技能与AI核心技能越倾向于超出随机水平共同出现
pandas,其他技能,15,人工智能与数据挖掘,工具软件与技术平台,2317,1342,702,101,54.249892259599925,0.456486260656562,0.5791972378075098,2016—2025年招聘岗位；NPMI为标准化逐点互信息，越高表示该技能与AI核心技能越倾向于超出随机水平共同出现
实践动手能力,非技术型技能,11,嵌入式与电子硬件开发,非技术性能力,92232,1318,344,104,1.3384624201223776,0.0332536058910498,0.014290051175297,2016—2025年招聘岗位；NPMI为标准化逐点互信息，越高表示该技能与AI核心技能越倾向于超出随机水平共同出现
ARM架构,其他技能,11,嵌入式与电子硬件开发,工具软件与技术平台,36478,1312,298,109,3.368799888276102,0.13847134552956,0.0359668841493502,2016—2025年招聘岗位；NPMI为标准化逐点互信息，越高表示该技能与AI核心技能越倾向于超出随机水平共同出现
HALCON,其他技能,7,网络通信与软件开发基础,工具软件与技术平台,3660,1239,621,106,31.707545106977975,0.3915256643370264,0.3385245901639344,2016—2025年招聘岗位；NPMI为标准化逐点互信息，越高表示该技能与AI核心技能越倾向于超出随机水平共同出现
NumPy,其他技能,15,人工智能与数据挖掘,工具软件与技术平台,1983,1238,586,102,58.47501319054,0.4608101460464096,0.6243066061522945,2016—2025年招聘岗位；NPMI为标准化逐点互信息，越高表示该技能与AI核心技能越倾向于超出随机水平共同出现
Spring Cloud,其他技能,3,Java后端开发与中间件,工具软件与技术平台,38831,1217,425,92,2.935515658318628,0.121732052603724,0.0313409389405372,2016—2025年招聘岗位；NPMI为标准化逐点互信息，越高表示该技能与AI核心技能越倾向于超出随机水平共同出现
GBDT,其他技能,15,人工智能与数据挖掘,工具软件与技术平台,1328,1192,235,96,84.07184500053177,0.4997883850827206,0.8975903614457831,2016—2025年招聘岗位；NPMI为标准化逐点互信息，越高表示该技能与AI核心技能越倾向于超出随机水平共同出现
C语言,其他技能,11,嵌入式与电子硬件开发,工具软件与技术平台,62420,1187,172,102,1.7811453137970727,0.0650701260672479,0.0190163409163729,2016—2025年招聘岗位；NPMI为标准化逐点互信息，越高表示该技能与AI核心技能越倾向于超出随机水平共同出现
TCP协议,其他技能,7,网络通信与软件开发基础,工具软件与技术平台,68428,1185,456,107,1.6220226021192512,0.0545108361716038,0.0173174723797275,2016—2025年招聘岗位；NPMI为标准化逐点互信息，越高表示该技能与AI核心技能越倾向于超出随机水平共同出现
Vue,其他技能,10,Web前端开发,工具软件与技术平台,62802,1179,499,95,1.7583799721286686,0.0635716331157769,0.0187732874749211,2016—2025年招聘岗位；NPMI为标准化逐点互信息，越高表示该技能与AI核心技能越倾向于超出随机水平共同出现
Windows操作系统,其他技能,7,网络通信与软件开发基础,工具软件与技术平台,82311,1152,321,105,1.31089225951286,0.0304124307707248,0.0139956992382549,2016—2025年招聘岗位；NPMI为标准化逐点互信息，越高表示该技能与AI核心技能越倾向于超出随机水平共同出现
HDFS,其他技能,19,大数据工程与数据仓库,工具软件与技术平台,8423,1147,137,98,12.754663789536997,0.2858766385321247,0.1361747595868455,2016—2025年招聘岗位；NPMI为标准化逐点互信息，越高表示该技能与AI核心技能越倾向于超出随机水平共同出现
服务意识,非技术型技能,1,表达沟通与通用办公协作,非技术性能力,422606,1143,366,100,0.2533278688908245,-0.1541205002105069,0.0027046468814924,2016—2025年招聘岗位；NPMI为标准化逐点互信息，越高表示该技能与AI核心技能越倾向于超出随机水平共同出现
口头表达,非技术型技能,1,表达沟通与通用办公协作,非技术性能力,266688,1141,286,103,0.4007325019913856,-0.1026236377522881,0.0042784077273818,2016—2025年招聘岗位；NPMI为标准化逐点互信息，越高表示该技能与AI核心技能越倾向于超出随机水平共同出现
风控模型,其他技能,15,人工智能与数据挖掘,方法、标准与流程,3124,1137,190,94,34.089594671025715,0.3958783178527762,0.3639564660691421,2016—2025年招聘岗位；NPMI为标准化逐点互信息，越高表示该技能与AI核心技能越倾向于超出随机水平共同出现
ZooKeeper,其他技能,3,Java后端开发与中间件,工具软件与技术平台,19119,1119,132,98,5.48197829006276,0.1905274504959511,0.0585281656990428,2016—2025年招聘岗位；NPMI为标准化逐点互信息，越高表示该技能与AI核心技能越倾向于超出随机水平共同出现
PostgreSQL,其他技能,3,Java后端开发与中间件,工具软件与技术平台,17800,1112,356,103,5.851364909259543,0.1976905253221648,0.0624719101123595,2016—2025年招聘岗位；NPMI为标准化逐点互信息，越高表示该技能与AI核心技能越倾向于超出随机水平共同出现
Visio,其他技能,1,表达沟通与通用办公协作,方法、标准与流程,45274,1106,301,102,2.2881192688215837,0.0925667802442056,0.024429032115563,2016—2025年招聘岗位；NPMI为标准化逐点互信息，越高表示该技能与AI核心技能越倾向于超出随机水平共同出现
细致严谨,非技术型技能,1,表达沟通与通用办公协作,非技术性能力,149173,1102,455,100,0.6919325617761529,-0.0411673553612574,0.0073873958424111,2016—2025年招聘岗位；NPMI为标准化逐点互信息，越高表示该技能与AI核心技能越倾向于超出随机水平共同出现
Unix,其他技能,3,Java后端开发与中间件,工具软件与技术平台,38705,1098,182,93,2.657098573802861,0.1091975328381305,0.0283684278516987,2016—2025年招聘岗位；NPMI为标准化逐点互信息，越高表示该技能与AI核心技能越倾向于超出随机水平共同出现
自动化测试,其他技能,21,软件测试与质量保障,方法、标准与流程,56717,1078,345,102,1.7802373469165889,0.0643143451412288,0.0190066470370435,2016—2025年招聘岗位；NPMI为标准化逐点互信息，越高表示该技能与AI核心技能越倾向于超出随机水平共同出现
Perl,其他技能,13,云计算、系统运维与DevOps,工具软件与技术平台,23794,1077,106,93,4.239558614372093,0.161058281629031,0.0452635118096999,2016—2025年招聘岗位；NPMI为标准化逐点互信息，越高表示该技能与AI核心技能越倾向于超出随机水平共同出现
网络协议,专业知识,7,网络通信与软件开发基础,专业知识与行业经验,72653,1072,340,105,1.382017783118064,0.0360567570568883,0.0147550686138218,2016—2025年招聘岗位；NPMI为标准化逐点互信息，越高表示该技能与AI核心技能越倾向于超出随机水平共同出现
独立思考,非技术型技能,1,表达沟通与通用办公协作,非技术性能力,40626,1061,306,103,2.4461535645939136,0.0995731202117221,0.0261162802146408,2016—2025年招聘岗位；NPMI为标准化逐点互信息，越高表示该技能与AI核心技能越倾向于超出随机水平共同出现
React,其他技能,10,Web前端开发,工具软件与技术平台,49171,1040,414,87,1.9810557459991085,0.0759292819255238,0.0211506782453071,2016—2025年招聘岗位；NPMI为标准化逐点互信息，越高表示该技能与AI核心技能越倾向于超出随机水平共同出现
Word,其他技能,1,表达沟通与通用办公协作,方法、标准与流程,211762,1039,389,103,0.4595575606191082,-0.0863450114411348,0.0049064515824368,2016—2025年招聘岗位；NPMI为标准化逐点互信息，越高表示该技能与AI核心技能越倾向于超出随机水平共同出现
网络编程,其他技能,7,网络通信与软件开发基础,工具软件与技术平台,42667,1038,194,99,2.2786501093848877,0.0914540371753042,0.0243279349380083,2016—2025年招聘岗位；NPMI为标准化逐点互信息，越高表示该技能与AI核心技能越倾向于超出随机水平共同出现
Django,其他技能,13,云计算、系统运维与DevOps,工具软件与技术平台,7811,1027,463,96,12.31505068946878,0.2784824691840566,0.1314812443989245,2016—2025年招聘岗位；NPMI为标准化逐点互信息，越高表示该技能与AI核心技能越倾向于超出随机水平共同出现
Nginx,其他技能,3,Java后端开发与中间件,工具软件与技术平台,42128,1006,286,97,2.236657764592919,0.0890788136458499,0.0238796050132928,2016—2025年招聘岗位；NPMI为标准化逐点互信息，越高表示该技能与AI核心技能越倾向于超出随机水平共同出现
JVM,专业知识,3,Java后端开发与中间件,专业知识与行业经验,28476,1006,221,98,3.3089590640107627,0.1324186332859314,0.0353279955049866,2016—2025年招聘岗位；NPMI为标准化逐点互信息，越高表示该技能与AI核心技能越倾向于超出随机水平共同出现
Java EE,其他技能,3,Java后端开发与中间件,工具软件与技术平台,72556,998,107,98,1.288337378427447,0.0280110638201715,0.0137548927724791,2016—2025年招聘岗位；NPMI为标准化逐点互信息，越高表示该技能与AI核心技能越倾向于超出随机水平共同出现
商务谈判,其他技能,2,组织协调与商业执行,方法、标准与流程,306401,990,259,96,0.3026337882434888,-0.1320292696355836,0.0032310599508487,2016—2025年招聘岗位；NPMI为标准化逐点互信息，越高表示该技能与AI核心技能越倾向于超出随机水平共同出现
时间序列,其他技能,15,人工智能与数据挖掘,方法、标准与流程,1552,980,283,106,59.14346392049448,0.4501817164092313,0.6314432989690721,2016—2025年招聘岗位；NPMI为标准化逐点互信息，越高表示该技能与AI核心技能越倾向于超出随机水平共同出现
XGBoost,其他技能,15,人工智能与数据挖掘,工具软件与技术平台,1098,972,347,91,82.91561432333224,0.4870202732877015,0.8852459016393442,2016—2025年招聘岗位；NPMI为标准化逐点互信息，越高表示该技能与AI核心技能越倾向于超出随机水平共同出现
DSP,其他技能,11,嵌入式与电子硬件开发,工具软件与技术平台,24651,954,187,101,3.6248182103137543,0.1416754207813609,0.0387002555677254,2016—2025年招聘岗位；NPMI为标准化逐点互信息，越高表示该技能与AI核心技能越倾向于超出随机水平共同出现
交互设计,其他技能,5,视觉设计与数字内容制作,方法、标准与流程,47207,942,282,96,1.8690326961268755,0.0687088684553068,0.0199546677399538,2016—2025年招聘岗位；NPMI为标准化逐点互信息，越高表示该技能与AI核心技能越倾向于超出随机水平共同出现
Flask,其他技能,13,云计算、系统运维与DevOps,工具软件与技术平台,5056,930,489,93,17.228532292262358,0.3122845113555014,0.1839398734177215,2016—2025年招聘岗位；NPMI为标准化逐点互信息，越高表示该技能与AI核心技能越倾向于超出随机水平共同出现
RAG,其他技能,15,人工智能与数据挖掘,具体专业技能,922,918,918,24,93.25758357190404,0.4968473833373231,0.9956616052060736,2016—2025年招聘岗位；NPMI为标准化逐点互信息，越高表示该技能与AI核心技能越倾向于超出随机水平共同出现
招聘,其他技能,17,人力资源与行政管理,方法、标准与流程,109489,914,264,92,0.781894403223166,-0.0269402074919669,0.0083478705623395,2016—2025年招聘岗位；NPMI为标准化逐点互信息，越高表示该技能与AI核心技能越倾向于超出随机水平共同出现
消息队列,其他技能,3,Java后端开发与中间件,具体专业技能,23279,891,261,98,3.584972112910086,0.1394115766724217,0.0382748399845354,2016—2025年招聘岗位；NPMI为标准化逐点互信息，越高表示该技能与AI核心技能越倾向于超出随机水平共同出现
预测模型,其他技能,15,人工智能与数据挖掘,方法、标准与流程,2549,837,237,98,30.755870279604014,0.3715656859316864,0.3283640643389564,2016—2025年招聘岗位；NPMI为标准化逐点互信息，越高表示该技能与AI核心技能越倾向于超出随机水平共同出现
测试工具,其他技能,21,软件测试与质量保障,方法、标准与流程,63139,831,211,97,1.2327520191089367,0.0226758113458087,0.0131614374633744,2016—2025年招聘岗位；NPMI为标准化逐点互信息，越高表示该技能与AI核心技能越倾向于超出随机水平共同出现
虚拟化,其他技能,13,云计算、系统运维与DevOps,工具软件与技术平台,35931,820,254,88,2.137553267452472,0.0822039890272477,0.022821519022571,2016—2025年招聘岗位；NPMI为标准化逐点互信息，越高表示该技能与AI核心技能越倾向于超出随机水平共同出现
吃苦耐劳,非技术型技能,9,工业自动化与电气控制,非技术性能力,505421,811,289,106,0.1502934208126444,-0.2048337113525922,0.0016046028954079,2016—2025年招聘岗位；NPMI为标准化逐点互信息，越高表示该技能与AI核心技能越倾向于超出随机水平共同出现
DevOps,其他技能,13,云计算、系统运维与DevOps,工具软件与技术平台,14836,809,310,94,5.10744966103737,0.1762026643155622,0.0545295227824211,2016—2025年招聘岗位；NPMI为标准化逐点互信息，越高表示该技能与AI核心技能越倾向于超出随机水平共同出现
市场分析,其他技能,2,组织协调与商业执行,方法、标准与流程,126146,793,214,94,0.5888058298794504,-0.0571081590592906,0.0062863665910928,2016—2025年招聘岗位；NPMI为标准化逐点互信息，越高表示该技能与AI核心技能越倾向于超出随机水平共同出现
PHP,其他技能,7,网络通信与软件开发基础,工具软件与技术平台,50900,776,114,88,1.4279609690785326,0.0383213019878339,0.0152455795677799,2016—2025年招聘岗位；NPMI为标准化逐点互信息，越高表示该技能与AI核心技能越倾向于超出随机水平共同出现
Tomcat,其他技能,3,Java后端开发与中间件,工具软件与技术平台,68345,776,116,90,1.0634752114433728,0.0066200356771238,0.0113541590460165,2016—2025年招聘岗位；NPMI为标准化逐点互信息，越高表示该技能与AI核心技能越倾向于超出随机水平共同出现
设计软件应用,其他技能,8,机械设计与制造,方法、标准与流程,261237,774,460,98,0.2775100213855623,-0.137854643437652,0.0029628268583699,2016—2025年招聘岗位；NPMI为标准化逐点互信息，越高表示该技能与AI核心技能越倾向于超出随机水平共同出现
FPGA,其他技能,11,嵌入式与电子硬件开发,方法、标准与流程,22238,745,192,101,3.137855533341189,0.1224726763521047,0.033501214137962,2016—2025年招聘岗位；NPMI为标准化逐点互信息，越高表示该技能与AI核心技能越倾向于超出随机水平共同出现
计划统筹,非技术型技能,2,组织协调与商业执行,非技术性能力,79651,743,229,89,0.8737153768445368,-0.0144543549519547,0.0093281942474043,2016—2025年招聘岗位；NPMI为标准化逐点互信息，越高表示该技能与AI核心技能越倾向于超出随机水平共同出现
CI/CD,其他技能,13,云计算、系统运维与DevOps,工具软件与技术平台,18118,742,286,93,3.8358891459512985,0.1439226897663707,0.0409537476542664,2016—2025年招聘岗位；NPMI为标准化逐点互信息，越高表示该技能与AI核心技能越倾向于超出随机水平共同出现
Spring MVC,其他技能,3,Java后端开发与中间件,工具软件与技术平台,45516,741,127,92,1.5248478691371616,0.0451587254038919,0.0162799894542578,2016—2025年招聘岗位；NPMI为标准化逐点互信息，越高表示该技能与AI核心技能越倾向于超出随机水平共同出现
iOS开发,其他技能,7,网络通信与软件开发基础,工具软件与技术平台,55688,727,183,102,1.2227711630129818,0.0214835752223071,0.0130548771728199,2016—2025年招聘岗位；NPMI为标准化逐点互信息，越高表示该技能与AI核心技能越倾向于超出随机水平共同出现
LangChain,其他技能,15,人工智能与数据挖掘,工具软件与技术平台,731,727,727,32,93.15140974810798,0.4843452766995382,0.9945280437756496,2016—2025年招聘岗位；NPMI为标准化逐点互信息，越高表示该技能与AI核心技能越倾向于超出随机水平共同出现
产品管理,其他技能,1,表达沟通与通用办公协作,工具软件与技术平台,29022,724,218,87,2.336595986554035,0.090617446836099,0.0249465922403693,2016—2025年招聘岗位；NPMI为标准化逐点互信息，越高表示该技能与AI核心技能越倾向于超出随机水平共同出现
平面设计,其他技能,5,视觉设计与数字内容制作,方法、标准与流程,97447,724,385,90,0.6958930364379735,-0.0387114251906057,0.0074296797233367,2016—2025年招聘岗位；NPMI为标准化逐点互信息，越高表示该技能与AI核心技能越倾向于超出随机水平共同出现
性能测试,其他技能,21,软件测试与质量保障,方法、标准与流程,51792,712,268,97,1.2876259172340951,0.026944063463116,0.013747296879827,2016—2025年招聘岗位；NPMI为标准化逐点互信息，越高表示该技能与AI核心技能越倾向于超出随机水平共同出现
Photoshop,其他技能,5,视觉设计与数字内容制作,方法、标准与流程,153329,710,414,92,0.4337169983238076,-0.0890083674137241,0.0046305656464204,2016—2025年招聘岗位；NPMI为标准化逐点互信息，越高表示该技能与AI核心技能越倾向于超出随机水平共同出现
演讲呈现,非技术型技能,1,表达沟通与通用办公协作,非技术性能力,28100,673,189,90,2.2432679022115187,0.0855976317182837,0.023950177935943,2016—2025年招聘岗位；NPMI为标准化逐点互信息，越高表示该技能与AI核心技能越倾向于超出随机水平共同出现
自动化控制,其他技能,9,工业自动化与电气控制,方法、标准与流程,37548,665,283,92,1.658850446749628,0.0535542358179062,0.017710663683818,2016—2025年招聘岗位；NPMI为标准化逐点互信息，越高表示该技能与AI核心技能越倾向于超出随机水平共同出现
质量管理,其他技能,6,质量管理与持续改进,方法、标准与流程,252786,661,273,95,0.2449180763007473,-0.1487651084218269,0.0026148600001582,2016—2025年招聘岗位；NPMI为标准化逐点互信息，越高表示该技能与AI核心技能越倾向于超出随机水平共同出现
QC,其他技能,6,质量管理与持续改进,职业职能与业务活动,164768,648,299,97,0.3683617552235822,-0.1053848938709676,0.0039328024859195,2016—2025年招聘岗位；NPMI为标准化逐点互信息，越高表示该技能与AI核心技能越倾向于超出随机水平共同出现
YOLO,其他技能,15,人工智能与数据挖掘,工具软件与技术平台,676,630,444,84,87.29035334335026,0.4702104977056854,0.9319526627218936,2016—2025年招聘岗位；NPMI为标准化逐点互信息，越高表示该技能与AI核心技能越倾向于超出随机水平共同出现
新能源,专业知识,9,工业自动化与电气控制,专业知识与行业经验,76121,625,407,95,0.7690382310612299,-0.0276066415182735,0.0082106120518647,2016—2025年招聘岗位；NPMI为标准化逐点互信息，越高表示该技能与AI核心技能越倾向于超出随机水平共同出现
Qt,其他技能,7,网络通信与软件开发基础,工具软件与技术平台,14489,622,239,101,4.020910165126382,0.1462045545487375,0.0429291186417282,2016—2025年招聘岗位；NPMI为标准化逐点互信息，越高表示该技能与AI核心技能越倾向于超出随机水平共同出现
Node.js,其他技能,10,Web前端开发,工具软件与技术平台,31952,619,133,85,1.8145335371313347,0.0625713846647054,0.0193728092138207,2016—2025年招聘岗位；NPMI为标准化逐点互信息，越高表示该技能与AI核心技能越倾向于超出随机水平共同出现
PMP,其他技能,22,网络运维与信息安全,证书与资质,37823,618,266,84,1.5303998002200203,0.044679672615581,0.0163392644687095,2016—2025年招聘岗位；NPMI为标准化逐点互信息，越高表示该技能与AI核心技能越倾向于超出随机水平共同出现
jQuery,其他技能,10,Web前端开发,工具软件与技术平台,98791,598,104,87,0.5669649355685259,-0.0593768076005546,0.0060531829822554,2016—2025年招聘岗位；NPMI为标准化逐点互信息，越高表示该技能与AI核心技能越倾向于超出随机水平共同出现
Dubbo,其他技能,3,Java后端开发与中间件,工具软件与技术平台,24314,587,121,92,2.2612786735241373,0.0852105796366618,0.0241424693592169,2016—2025年招聘岗位；NPMI为标准化逐点互信息，越高表示该技能与AI核心技能越倾向于超出随机水平共同出现
Tableau,其他技能,19,大数据工程与数据仓库,工具软件与技术平台,5362,585,199,97,10.21883659057604,0.2426415838268899,0.109101081685938,2016—2025年招聘岗位；NPMI为标准化逐点互信息，越高表示该技能与AI核心技能越倾向于超出随机水平共同出现
阿里云,其他技能,13,云计算、系统运维与DevOps,工具软件与技术平台,11507,575,203,91,4.680347827555655,0.1608330637888444,0.0499695837316416,2016—2025年招聘岗位；NPMI为标准化逐点互信息，越高表示该技能与AI核心技能越倾向于超出随机水平共同出现
翻译,其他技能,4,供应链与物流管理,语言能力,31184,566,149,87,1.700031652109919,0.0552073387195512,0.0181503335043612,2016—2025年招聘岗位；NPMI为标准化逐点互信息，越高表示该技能与AI核心技能越倾向于超出随机水平共同出现
结构设计,其他技能,8,机械设计与制造,具体专业技能,108465,553,245,101,0.4775379697442879,-0.0767101120052033,0.0050984188447886,2016—2025年招聘岗位；NPMI为标准化逐点互信息，越高表示该技能与AI核心技能越倾向于超出随机水平共同出现
搜索算法,其他技能,15,人工智能与数据挖掘,方法、标准与流程,918,550,106,84,56.1167364751835,0.417759098709599,0.599128540305011,2016—2025年招聘岗位；NPMI为标准化逐点互信息，越高表示该技能与AI核心技能越倾向于超出随机水平共同出现
报表开发,其他技能,19,大数据工程与数据仓库,工具软件与技术平台,28272,549,155,94,1.818813672521218,0.0620369771185101,0.019418505942275,2016—2025年招聘岗位；NPMI为标准化逐点互信息，越高表示该技能与AI核心技能越倾向于超出随机水平共同出现
CRM,其他技能,4,供应链与物流管理,方法、标准与流程,63787,541,183,91,0.7943967998484212,-0.0238345913811003,0.0084813519996237,2016—2025年招聘岗位；NPMI为标准化逐点互信息，越高表示该技能与AI核心技能越倾向于超出随机水平共同出现
测试流程,其他技能,21,软件测试与质量保障,方法、标准与流程,49948,538,180,91,1.0088731654487768,0.0009142473942382,0.0107712020501321,2016—2025年招聘岗位；NPMI为标准化逐点互信息，越高表示该技能与AI核心技能越倾向于超出随机水平共同出现
GitHub,其他技能,7,网络通信与软件开发基础,工具软件与技术平台,8044,535,158,92,6.22951330976377,0.1892073933592604,0.0665091994032819,2016—2025年招聘岗位；NPMI为标准化逐点互信息，越高表示该技能与AI核心技能越倾向于超出随机水平共同出现
AWS,其他技能,13,云计算、系统运维与DevOps,工具软件与技术平台,6900,534,259,83,7.248774076672636,0.2048411867871025,0.077391304347826,2016—2025年招聘岗位；NPMI为标准化逐点互信息，越高表示该技能与AI核心技能越倾向于超出随机水平共同出现
ERP,其他技能,4,供应链与物流管理,方法、标准与流程,171904,530,281,87,0.2887767904775158,-0.1283479712330867,0.0030831161578555,2016—2025年招聘岗位；NPMI为标准化逐点互信息，越高表示该技能与AI核心技能越倾向于超出随机水平共同出现
投研,其他技能,14,金融风控、投资与合规,具体专业技能,19590,522,169,91,2.495792440666577,0.0943591871745887,0.026646248085758,2016—2025年招聘岗位；NPMI为标准化逐点互信息，越高表示该技能与AI核心技能越倾向于超出随机水平共同出现
功能测试,其他技能,21,软件测试与质量保障,方法、标准与流程,39088,520,266,87,1.2460408832189185,0.0226852687029861,0.0133033155955792,2016—2025年招聘岗位；NPMI为标准化逐点互信息，越高表示该技能与AI核心技能越倾向于超出随机水平共同出现
商业意识,非技术型技能,2,组织协调与商业执行,非技术性能力,26809,516,104,81,1.802774825784877,0.0607279607644465,0.0192472677086053,2016—2025年招聘岗位；NPMI为标准化逐点互信息，越高表示该技能与AI核心技能越倾向于超出随机水平共同出现
摄像,其他技能,11,嵌入式与电子硬件开发,方法、标准与流程,12498,512,130,92,3.837088699445707,0.1384567384117034,0.0409665546487438,2016—2025年招聘岗位；NPMI为标准化逐点互信息，越高表示该技能与AI核心技能越倾向于超出随机水平共同出现
人际交往,非技术型技能,2,组织协调与商业执行,非技术性能力,145091,511,104,89,0.3298775984104725,-0.1141672360141376,0.0035219276178398,2016—2025年招聘岗位；NPMI为标准化逐点互信息，越高表示该技能与AI核心技能越倾向于超出随机水平共同出现
面向对象编程,其他技能,10,Web前端开发,方法、标准与流程,26193,508,151,92,1.8165646862473992,0.0614143022360762,0.0193944947123277,2016—2025年招聘岗位；NPMI为标准化逐点互信息，越高表示该技能与AI核心技能越倾向于超出随机水平共同出现
RESTful API,其他技能,3,Java后端开发与中间件,工具软件与技术平台,12685,507,213,83,3.743603854330277,0.1357799211983294,0.0399684666929444,2016—2025年招聘岗位；NPMI为标准化逐点互信息，越高表示该技能与AI核心技能越倾向于超出随机水平共同出现
业务理解,非技术型技能,19,大数据工程与数据仓库,非技术性能力,8844,506,121,84,5.358881835988351,0.1726413421671412,0.0572139303482587,2016—2025年招聘岗位；NPMI为标准化逐点互信息，越高表示该技能与AI核心技能越倾向于超出随机水平共同出现
跨部门协作,非技术型技能,1,表达沟通与通用办公协作,非技术性能力,15949,498,269,77,2.924612168781262,0.110182202814854,0.0312245281835851,2016—2025年招聘岗位；NPMI为标准化逐点互信息，越高表示该技能与AI核心技能越倾向于超出随机水平共同出现
PCL点云库,其他技能,15,人工智能与数据挖掘,具体专业技能,1061,494,265,92,43.60978674938551,0.3872898537100496,0.4655984919886899,2016—2025年招聘岗位；NPMI为标准化逐点互信息，越高表示该技能与AI核心技能越倾向于超出随机水平共同出现
PLC,其他技能,9,工业自动化与电气控制,方法、标准与流程,67583,487,247,92,0.6749380198897352,-0.040271005413448,0.0072059541600698,2016—2025年招聘岗位；NPMI为标准化逐点互信息，越高表示该技能与AI核心技能越倾向于超出随机水平共同出现
MES,其他技能,4,供应链与物流管理,具体专业技能,31945,483,340,82,1.4161740635283662,0.0356133332218106,0.0151197370480513,2016—2025年招聘岗位；NPMI为标准化逐点互信息，越高表示该技能与AI核心技能越倾向于超出随机水平共同出现
市场开拓,其他技能,2,组织协调与商业执行,方法、标准与流程,126324,479,117,79,0.3551583604114764,-0.1058609693065184,0.0037918368639371,2016—2025年招聘岗位；NPMI为标准化逐点互信息，越高表示该技能与AI核心技能越倾向于超出随机水平共同出现
AutoCAD,其他技能,8,机械设计与制造,方法、标准与流程,322488,476,188,95,0.1382502075008174,-0.2022153025927962,0.0014760239140681,2016—2025年招聘岗位；NPMI为标准化逐点互信息，越高表示该技能与AI核心技能越倾向于超出随机水平共同出现
RabbitMQ,其他技能,3,Java后端开发与中间件,工具软件与技术平台,13865,469,188,80,3.1682932112249227,0.1176741820919576,0.0338261810313739,2016—2025年招聘岗位；NPMI为标准化逐点互信息，越高表示该技能与AI核心技能越倾向于超出随机水平共同出现
项目申报,其他技能,18,医药研发与药事管理,方法、标准与流程,29105,467,228,90,1.5028708986166086,0.0415514867548411,0.016045353032125,2016—2025年招聘岗位；NPMI为标准化逐点互信息，越高表示该技能与AI核心技能越倾向于超出随机水平共同出现
测试方法,其他技能,21,软件测试与质量保障,具体专业技能,45533,456,211,85,0.9380175745624498,-0.0065106481948523,0.0100147146025959,2016—2025年招聘岗位；NPMI为标准化逐点互信息，越高表示该技能与AI核心技能越倾向于超出随机水平共同出现
大客户销售,其他技能,2,组织协调与商业执行,方法、标准与流程,142112,446,106,87,0.2939520580638246,-0.124296249934444,0.0031383697365458,2016—2025年招聘岗位；NPMI为标准化逐点互信息，越高表示该技能与AI核心技能越倾向于超出随机水平共同出现
总结归纳,非技术型技能,1,表达沟通与通用办公协作,非技术性能力,24983,440,139,87,1.6496069834437324,0.0507453177376748,0.0176119761437777,2016—2025年招聘岗位；NPMI为标准化逐点互信息，越高表示该技能与AI核心技能越倾向于超出随机水平共同出现
UI设计,其他技能,5,视觉设计与数字内容制作,方法、标准与流程,51357,434,170,86,0.791521071308357,-0.0236699780111802,0.008450649375937,2016—2025年招聘岗位；NPMI为标准化逐点互信息，越高表示该技能与AI核心技能越倾向于超出随机水平共同出现
Maven,其他技能,3,Java后端开发与中间件,工具软件与技术平台,23350,425,103,86,1.7048039506165344,0.0538925877672863,0.0182012847965738,2016—2025年招聘岗位；NPMI为标准化逐点互信息，越高表示该技能与AI核心技能越倾向于超出随机水平共同出现
XMind,其他技能,1,表达沟通与通用办公协作,方法、标准与流程,13313,424,132,80,2.983062293412266,0.1103906586600333,0.0318485690678284,2016—2025年招聘岗位；NPMI为标准化逐点互信息，越高表示该技能与AI核心技能越倾向于超出随机水平共同出现
适应能力,非技术型技能,2,组织协调与商业执行,非技术性能力,60030,422,155,84,0.6584404538197625,-0.0421868742227376,0.0070298184241212,2016—2025年招聘岗位；NPMI为标准化逐点互信息，越高表示该技能与AI核心技能越倾向于超出随机水平共同出现
SVN,其他技能,7,网络通信与软件开发基础,工具软件与技术平台,33396,421,140,89,1.1807556745748522,0.0167699969180897,0.0126063001557072,2016—2025年招聘岗位；NPMI为标准化逐点互信息，越高表示该技能与AI核心技能越倾向于超出随机水平共同出现
计算机操作,其他技能,1,表达沟通与通用办公协作,方法、标准与流程,42756,415,151,88,0.9091246351368296,-0.009602006408376,0.0097062400598746,2016—2025年招聘岗位；NPMI为标准化逐点互信息，越高表示该技能与AI核心技能越倾向于超出随机水平共同出现
营销策划,其他技能,5,视觉设计与数字内容制作,方法、标准与流程,160890,410,183,83,0.2386861410057641,-0.1442076360112378,0.0025483249425073,2016—2025年招聘岗位；NPMI为标准化逐点互信息，越高表示该技能与AI核心技能越倾向于超出随机水平共同出现
Illustrator,其他技能,5,视觉设计与数字内容制作,工具软件与技术平台,61548,410,278,80,0.6239392543448592,-0.0474820554637277,0.0066614674725417,2016—2025年招聘岗位；NPMI为标准化逐点互信息，越高表示该技能与AI核心技能越倾向于超出随机水平共同出现
新媒体运营,其他技能,5,视觉设计与数字内容制作,方法、标准与流程,48347,395,216,86,0.7652440524942336,-0.0268322553106339,0.0081701036258713,2016—2025年招聘岗位；NPMI为标准化逐点互信息，越高表示该技能与AI核心技能越倾向于超出随机水平共同出现
VisionPro,其他技能,7,网络通信与软件开发基础,工具软件与技术平台,1481,385,228,83,24.348828399022903,0.3193364848214688,0.2599594868332208,2016—2025年招聘岗位；NPMI为标准化逐点互信息，越高表示该技能与AI核心技能越倾向于超出随机水平共同出现
应变能力,非技术型技能,2,组织协调与商业执行,非技术性能力,159360,382,106,83,0.2245207270008608,-0.1493031251451122,0.0023970883534136,2016—2025年招聘岗位；NPMI为标准化逐点互信息，越高表示该技能与AI核心技能越倾向于超出随机水平共同出现
小程序开发,其他技能,10,Web前端开发,工具软件与技术平台,25208,368,154,75,1.3673567109281608,0.0311558423232864,0.0145985401459854,2016—2025年招聘岗位；NPMI为标准化逐点互信息，越高表示该技能与AI核心技能越倾向于超出随机水平共同出现
Webpack,其他技能,10,Web前端开发,工具软件与技术平台,23635,359,129,73,1.4226931481611955,0.0350199656730046,0.0151893378464142,2016—2025年招聘岗位；NPMI为标准化逐点互信息，越高表示该技能与AI核心技能越倾向于超出随机水平共同出现
渗透测试,其他技能,22,网络运维与信息安全,工具软件与技术平台,18944,347,107,80,1.7156558984589798,0.0534389605117508,0.0183171452702702,2016—2025年招聘岗位；NPMI为标准化逐点互信息，越高表示该技能与AI核心技能越倾向于超出随机水平共同出现
生物信息学,专业知识,18,医药研发与药事管理,专业知识与行业经验,2390,343,172,77,13.442146276825357,0.2569423815981773,0.1435146443514644,2016—2025年招聘岗位；NPMI为标准化逐点互信息，越高表示该技能与AI核心技能越倾向于超出随机水平共同出现
电路设计,其他技能,11,嵌入式与电子硬件开发,方法、标准与流程,74029,333,131,76,0.4213225932354457,-0.0852225762806007,0.0044982371773224,2016—2025年招聘岗位；NPMI为标准化逐点互信息，越高表示该技能与AI核心技能越倾向于超出随机水平共同出现
Matplotlib,其他技能,15,人工智能与数据挖掘,工具软件与技术平台,549,332,190,76,56.64194229495124,0.3978916523204323,0.604735883424408,2016—2025年招聘岗位；NPMI为标准化逐点互信息，越高表示该技能与AI核心技能越倾向于超出随机水平共同出现
战略思维,非技术型技能,2,组织协调与商业执行,非技术性能力,22906,327,128,78,1.337121568429029,0.0285929368854211,0.0142757356151226,2016—2025年招聘岗位；NPMI为标准化逐点互信息，越高表示该技能与AI核心技能越倾向于超出随机水平共同出现
FastAPI,其他技能,15,人工智能与数据挖掘,工具软件与技术平台,600,325,318,34,50.73463129506363,0.3862241038062561,0.5416666666666666,2016—2025年招聘岗位；NPMI为标准化逐点互信息，越高表示该技能与AI核心技能越倾向于超出随机水平共同出现
Jenkins,其他技能,13,云计算、系统运维与DevOps,工具软件与技术平台,14700,324,108,82,2.064429581111537,0.0712755599091178,0.0220408163265306,2016—2025年招聘岗位；NPMI为标准化逐点互信息，越高表示该技能与AI核心技能越倾向于超出随机水平共同出现
策划能力,非技术型技能,5,视觉设计与数字内容制作,非技术性能力,76888,323,109,76,0.3934742860737829,-0.0916892737199219,0.0042009156175215,2016—2025年招聘岗位；NPMI为标准化逐点互信息，越高表示该技能与AI核心技能越倾向于超出随机水平共同出现
社群运营,其他技能,5,视觉设计与数字内容制作,方法、标准与流程,25401,318,102,73,1.1725967967461173,0.0156276021793342,0.012519192157789,2016—2025年招聘岗位；NPMI为标准化逐点互信息，越高表示该技能与AI核心技能越倾向于超出随机水平共同出现
TypeScript,其他技能,10,Web前端开发,工具软件与技术平台,11067,315,156,72,2.665956395595228,0.0961533022534622,0.0284629981024667,2016—2025年招聘岗位；NPMI为标准化逐点互信息，越高表示该技能与AI核心技能越倾向于超出随机水平共同出现
Modbus,其他技能,9,工业自动化与电气控制,工具软件与技术平台,7035,313,205,79,4.167279539538767,0.139869084642137,0.0444918265813788,2016—2025年招聘岗位；NPMI为标准化逐点互信息，越高表示该技能与AI核心技能越倾向于超出随机水平共同出现
单片机,其他技能,11,嵌入式与电子硬件开发,方法、标准与流程,48857,308,126,83,0.590467934731202,-0.0515479583614204,0.0063041120003274,2016—2025年招聘岗位；NPMI为标准化逐点互信息，越高表示该技能与AI核心技能越倾向于超出随机水平共同出现
摄影,其他技能,5,视觉设计与数字内容制作,方法、标准与流程,15692,304,119,80,1.8145447456263075,0.0582241798365722,0.0193729288809584,2016—2025年招聘岗位；NPMI为标准化逐点互信息，越高表示该技能与AI核心技能越倾向于超出随机水平共同出现
