专业代码,专业名称,专业类,已毕业去向数,期望去向数,已毕业数据口径,口径名称,采集状态,错误信息,专业页面ID
120203,会计学,工商管理类,17,8,专业,会计学,成功,,hdyxw5rt5yg54yow
050201,英语,外国语言文学类,17,8,专业,英语,成功,,17jj7pgv6zlerl1h
081001,土木工程,土木类,18,8,专业,土木工程,成功,,obqqf4z0102mkb1q
080901,计算机科学与技术,计算机类,18,8,专业,计算机科学与技术,成功,,woqt114tyt2flxjh
030101,法学,法学类,11,7,专业,法学,成功,,e38wliz5hwewp9s3
050101,汉语言文学,中国语言文学类,10,9,专业,汉语言文学,成功,,hv7u0c1q96bimo7x
080202,机械设计制造及其自动化,机械类,18,8,专业,机械设计制造及其自动化,成功,,ll9xvaqloupm53on
020401,国际经济与贸易,经济与贸易类,15,8,专业,国际经济与贸易,成功,,n8txd5lfx5w9fyxh
080601,电气工程及其自动化,电气类,15,8,专业,电气工程及其自动化,成功,,oycmnanbvzt1jgjd
120204,财务管理,工商管理类,17,8,专业,财务管理,成功,,qhns7a1ug663q7mc
100201,临床医学,临床医学类,12,8,专业类,临床医学类,成功,,ze5prc7531dbpqwx
120201,工商管理,工商管理类,16,8,专业,工商管理,成功,,sb4t562ct3mvkthy
020301,金融学,金融学类,17,8,专业,金融学,成功,,prrl4h12puriaw46
080701,电子信息工程,电子信息类,9,8,专业,电子信息工程,成功,,x34jt0lncniica56
080902,软件工程,计算机类,15,8,专业,软件工程,成功,,ikr0e389k541pjkp
101101,护理学,护理学类,5,0,专业,护理学,成功,,g002omujmd5rxg8y
120202,市场营销,工商管理类,17,8,专业,市场营销,成功,,6jznnku3ino08o78
080703,通信工程,电子信息类,18,8,专业类,电子信息类,成功,,x2ccr82b8wksg4dz
080801,自动化,自动化类,9,8,专业,自动化,成功,,1fmwa6rijyc73jle
070101,数学与应用数学,数学类,11,8,专业类,数学类,成功,,1zm5hrvxosmo4lk6
120103,工程管理,管理科学与工程类,15,8,专业,工程管理,成功,,fra28iyfbzp41rs5
120901,旅游管理,旅游管理类,10,8,专业,旅游管理,成功,,opti829pyyh6w4w7
120206,人力资源管理,工商管理类,10,8,专业,人力资源管理,成功,,xy3f5hnypstcb14f
120102,信息管理与信息系统,管理科学与工程类,17,8,专业类,管理科学与工程类,成功,,uyxg8tfjtfbybwth
020101,经济学,经济学类,11,5,专业类,经济学类,成功,,jnnfj96vf439ww0i
040201,体育教育,体育学类,12,8,专业类,体育学类,成功,,r7eshzdw7a5i54zt
120402,行政管理,公共管理类,11,8,专业类,公共管理类,成功,,fb6owxbhatf0lyfc
081301,化学工程与工艺,化工与制药类,8,8,专业类,化工与制药类,成功,,1mxxophbzl2t9m7n
120601,物流管理,物流管理与工程类,8,8,专业类,物流管理与工程类,成功,,96ed9qc0emgapnpr
130202,音乐学,音乐与舞蹈学类,13,8,专业类,音乐与舞蹈学类,成功,,v2b9uge3zvjgrcce
070302,应用化学,化学类,9,8,专业类,化学类,成功,,e0t40wzun7fc220n
050207,日语,外国语言文学类,16,8,专业类,外国语言文学类,成功,,gvraa43rj06vrs52
120801,电子商务,电子商务类,8,8,专业,电子商务,成功,,si8nwxrt2cg0b9dw
130401,美术学,美术学类,10,8,专业类,美术学类,成功,,hyfwrko5euqz2e8s
070301,化学,化学类,9,8,专业类,化学类,成功,,ylo6z08o3bf302gj
040106,学前教育,教育学类,14,8,专业类,教育学类,成功,,yvtikxqdb27ao1u9
100701,药学,药学类,8,8,专业,药学,成功,,n4zqee0bpp2vsszp
070102,信息与计算科学,数学类,11,8,专业类,数学类,成功,,xeanxoprc60luqom
082502,环境工程,环境科学与工程类,10,8,专业类,环境科学与工程类,成功,,hecglqjjw4g410xo
071001,生物科学,生物科学类,8,8,专业,生物科学,成功,,v70hzr7sj7njdbgk
080903,网络工程,计算机类,18,8,专业类,计算机类,成功,,zzy68623rx09xfoe
071002,生物技术,生物科学类,8,8,专业,生物技术,成功,,8qy4pscwgidglcwx
082701,食品科学与工程,食品科学与工程类,9,8,专业类,食品科学与工程类,成功,,evses7suloya06af
050301,新闻学,新闻传播学类,17,8,专业类,新闻传播学类,成功,,ipfawg5cg4jwxpzj
070201,物理学,物理学类,8,8,专业,物理学,成功,,crgrafa7or6m82qq
130310,动画,戏剧与影视学类,8,8,专业,动画,成功,,n4e054b8witskb6c
080714,电子信息科学与技术,电子信息类,18,8,专业类,电子信息类,成功,,j2ufnf0pz9v2pm8m
120401,公共事业管理,公共管理类,11,8,专业类,公共管理类,成功,,z0to9cxv7qoaf5eh
082801,建筑学,建筑类,10,8,专业类,建筑类,成功,,zakebvfjycqsdymq
080301,测控技术与仪器,仪器类,8,8,专业,测控技术与仪器,成功,,evuz2zoxfxw0jz86
050303,广告学,新闻传播学类,17,8,专业类,新闻传播学类,成功,,xhqlwady8uflwx7v
080203,材料成型及控制工程,机械类,18,8,专业类,机械类,成功,,1s2thz0faglocobs
130305,广播电视编导,戏剧与影视学类,18,8,专业类,戏剧与影视学类,成功,,ge9p5khidlvhcgrp
060101,历史学,历史学类,8,8,专业,历史学,成功,,5d5wy73t77w9ja6k
080207,车辆工程,机械类,18,8,专业类,机械类,成功,,gn7f0pkk2uzckstt
100501,中医学,中医学类,5,8,专业,中医学,成功,,egkt2n7ijcyyrlvy
030503,思想政治教育,马克思主义理论类,8,7,专业,思想政治教育,成功,,pao1qr5qb6u4i2s8
083001,生物工程,生物工程类,8,8,专业,生物工程,成功,,74tcej33ev68k57t
040107,小学教育,教育学类,14,8,专业类,教育学类,成功,,jzqcv654g3gbm0t8
081302,制药工程,化工与制药类,8,8,专业类,化工与制药类,成功,,0ujhhaaccio7wugw
071102,应用心理学,心理学类,8,8,专业,应用心理学,成功,,ah39nvgo2ckoxz38
080401,材料科学与工程,材料类,16,8,专业类,材料类,成功,,quignsrito5bbw3h
130503,环境设计,设计学类,17,8,专业,环境设计,成功,,6tmyzlakyqj03qie
080205,工业设计,机械类,18,8,专业类,机械类,成功,,36xqnecw7c9sfhla
090502,园林,林学类,8,8,专业,园林,成功,,8qr0kt5jjijlobx1
030302,社会工作,社会学类,8,8,专业,社会工作,成功,,a8pogbvbme0q4ovt
130309,播音与主持艺术,戏剧与影视学类,18,8,专业类,戏剧与影视学类,成功,,2kyc692np67r47mb
080702,电子科学与技术,电子信息类,18,8,专业类,电子信息类,成功,,u2e7w0rko4x02g7z
130201,音乐表演,音乐与舞蹈学类,13,8,专业类,音乐与舞蹈学类,成功,,2ez8smra5flntlpo
070501,地理科学,地理科学类,4,8,专业,地理科学,成功,,igixj65hl5o110le
101001,医学检验技术,医学技术类,2,8,专业,医学检验技术,成功,,qqv1f2u1gd65c5sk
050103,汉语国际教育,中国语言文学类,12,8,专业类,中国语言文学类,成功,,7k3exlo9rax6pg0v
080407,高分子材料与工程,材料类,16,8,专业类,材料类,成功,,qnpy9dzz10a7vmvv
120105,工程造价,管理科学与工程类,10,8,专业,工程造价,成功,,fctl544fkebpbktu
081801,交通运输,交通运输类,9,8,专业类,交通运输类,成功,,0onz5441tn74ri6f
071201,统计学,统计学类,8,8,专业,统计学,成功,,pzpjqosgnxb1g5uv
130502,视觉传达设计,设计学类,16,8,专业,视觉传达设计,成功,,xlu1uoty61latpdu
082901,安全工程,安全科学与工程类,8,8,专业,安全工程,成功,,d450gex7zsvuoehk
040202,运动训练,体育学类,12,8,专业类,体育学类,成功,,pa1a4trene9ikqos
120701,工业工程,工业工程类,8,8,专业,工业工程,成功,,sbd1xccs76qkhv5l
080204,机械电子工程,机械类,18,8,专业类,机械类,成功,,o0hsfs2p76uvvtv5
081201,测绘工程,测绘类,8,8,专业,测绘工程,成功,,pcrxwnrlxcdo1bfn
050302,广播电视学,新闻传播学类,17,8,专业类,新闻传播学类,成功,,z9lpcp7iav57fr8z
082503,环境科学,环境科学与工程类,10,8,专业类,环境科学与工程类,成功,,by5fsv8dv6qnyry3
100801,中药学,中药学类,8,8,专业,中药学,成功,,b8g079x3s9t0cq7n
081101,水利水电工程,水利类,8,8,专业,水利水电工程,成功,,7fuwfgurkj9yoo87
082702,食品质量与安全,食品科学与工程类,9,8,专业类,食品科学与工程类,成功,,41qntqxt0ql97rsa
100401,预防医学,公共卫生与预防医学类,4,8,专业,预防医学,成功,,b2fvnplbhk7inks6
082802,城乡规划,建筑类,10,8,专业类,建筑类,成功,,2ik4zzpe89vlcx05
090401,动物医学,动物医学类,7,7,专业,动物医学,成功,,qaxkd9muof7942lh
080206,过程装备与控制工程,机械类,18,8,专业类,机械类,成功,,zv6sq8pjtcrnw0al
100203,医学影像学,临床医学类,12,8,专业类,临床医学类,成功,,9v004qaggzpf9pyx
100301,口腔医学,口腔医学类,3,8,专业,口腔医学,成功,,u92xv5jwan6q4bch
070202,应用物理学,物理学类,8,8,专业,应用物理学,成功,,tniv2gv3c38tefpa
081501,采矿工程,矿业类,7,8,专业,采矿工程,成功,,rapthg2s1oxnuxp9
090102,园艺,植物生产类,8,8,专业,园艺,成功,,9hft61k7558cltd9
070504,地理信息科学,地理科学类,6,8,专业,地理信息科学,成功,,4go0zlwzbogimxp5
020201,财政学,财政学类,8,8,专业,财政学,成功,,fp84yy9icmc5tt9p
040203,社会体育指导与管理,体育学类,12,8,专业类,体育学类,成功,,o32xup05k1eo60qh
040104,教育技术学,教育学类,14,8,专业类,教育学类,成功,,v8e3ea4jsh20j3fy
080403,材料化学,材料类,16,8,专业类,材料类,成功,,afhfly1ntend3gnh
080905,物联网工程,计算机类,18,8,专业类,计算机类,成功,,sywqmrk7do5p0r8l
090301,动物科学,动物生产类,8,8,专业,动物科学,成功,,v9t700eqipnzfe57
081802,交通工程,交通运输类,9,8,专业类,交通运输类,成功,,9803y9ywm5bw1sq4
130402,绘画,美术学类,10,8,专业类,美术学类,成功,,0vevfj0mokvsdxdl
100601,中西医临床医学,中西医结合类,5,8,专业,中西医临床医学,成功,,iqza60a0yaef83mc
120207,审计学,工商管理类,17,8,专业类,工商管理类,成功,,ri7kgdx625262l7o
120404,土地资源管理,公共管理类,11,8,专业类,公共管理类,成功,,pvqsinumiyf19cso
080906,数字媒体技术,计算机类,18,8,专业类,计算机类,成功,,hpx2zt4nzpmduvr4
090101,农学,植物生产类,7,7,专业,农学,成功,,xwiig7brw093t6bd
120403,劳动与社会保障,公共管理类,11,8,专业类,公共管理类,成功,,lcruu09hn9pbjoq3
080208,汽车服务工程,机械类,18,8,专业类,机械类,成功,,2a34rp32oiue34b8
050262,商务英语,外国语言文学类,16,8,专业类,外国语言文学类,成功,,bvx5dofnbr6sehwz
100502,针灸推拿学,中医学类,4,8,专业,针灸推拿学,成功,,a1ikiu7xgee7siyh
130508,数字媒体艺术,设计学类,8,8,专业,数字媒体艺术,成功,,ibqapc722l9sgpg8
081403,资源勘查工程,地质类,7,8,专业,资源勘查工程,成功,,litj4yzrz6dvvn7m
080406,无机非金属材料工程,材料类,16,8,专业类,材料类,成功,,1kt33556zsbhu6vw
120301,农林经济管理,农业经济管理类,8,8,专业,农林经济管理,成功,,hbwbis8rvefhwcfo
050202,俄语,外国语言文学类,16,8,专业类,外国语言文学类,成功,,veuz1e6r7osl70yr
082601,生物医学工程,生物医学工程类,8,8,专业,生物医学工程,成功,,wv0gy6g8z9knaxee
081602,服装设计与工程,纺织类,8,8,专业,服装设计与工程,成功,,um5hlqlx73bkohqk
040101,教育学,教育学类,14,6,专业类,教育学类,成功,,qzas0fixn53wponn
020302,金融工程,金融学类,17,8,专业类,金融学类,成功,,248mpm7te1qerdwi
080706,信息工程,电子信息类,18,8,专业类,电子信息类,成功,,pxvg9l49zbdbwviy
071101,心理学,心理学类,7,7,专业,心理学,成功,,h6a7afcpw2jph468
080405,金属材料工程,材料类,16,8,专业类,材料类,成功,,7x2ti69or43m5cqu
030602,侦查学,公安学类,2,7,专业,侦查学,成功,,neetklsg81jkd9kt
100702,药物制剂,药学类,8,8,专业,药物制剂,成功,,gvakz9wyfz0z786x
080404,冶金工程,材料类,16,8,专业类,材料类,成功,,lw34eft756gukpg0
080501,能源与动力工程,能源动力类,5,8,专业,能源与动力工程,成功,,04u114zzdb4ln8uw
080904,信息安全,计算机类,18,8,专业类,计算机类,成功,,ia9qzm5cnaku1mzg
090103,植物保护,植物生产类,8,8,专业,植物保护,成功,,8b7biq3waug02swv
130205,舞蹈学,音乐与舞蹈学类,13,8,专业类,音乐与舞蹈学类,成功,,7tinh6ibc4c2bsyr
100202,麻醉学,临床医学类,12,8,专业类,临床医学类,成功,,2ax63rige8qpq9ns
050209,朝鲜语,外国语言文学类,16,8,专业类,外国语言文学类,成功,,7os4uio9hepik7sy
020303,保险学,金融学类,17,8,专业类,金融学类,成功,,tdrdu5hjyqb5oub6
130504,产品设计,设计学类,18,8,专业类,设计学类,成功,,16741lyl4yyu1uzw
120602,物流工程,物流管理与工程类,8,8,专业类,物流管理与工程类,成功,,q4uoipf4jfa0fs1x
030201,政治学与行政学,政治学类,8,7,专业,政治学与行政学,成功,,ayddfecf3yocinq6
080102,工程力学,力学类,8,8,专业,工程力学,成功,,08tefm6eldrx6tb7
120210,文化产业管理,工商管理类,17,8,专业类,工商管理类,成功,,evuh587pdlonpmz2
081502,石油工程,矿业类,6,8,专业,石油工程,成功,,0zjm2cv6le1ji88c
050204,法语,外国语言文学类,16,8,专业类,外国语言文学类,成功,,l29dk98jzt6tqwdo
130304,戏剧影视文学,戏剧与影视学类,18,8,专业类,戏剧与影视学类,成功,,stlm3yw9r32hzc69
130301,表演,戏剧与影视学类,18,8,专业类,戏剧与影视学类,成功,,dfj1ag8ldq7m8yc5
080201,机械工程,机械类,18,8,专业类,机械类,成功,,iirnhgajubu8juwf
030301,社会学,社会学类,8,7,专业,社会学,成功,,34pc94mu7lkhw0zt
081401,地质工程,地质类,6,8,专业,地质工程,成功,,693oujnog3p9xw87
081006,道路桥梁与渡河工程,土木类,18,8,专业类,土木类,成功,,oa9rxsemufd4dz79
050203,德语,外国语言文学类,16,8,专业类,外国语言文学类,成功,,8nx9ygnqf9zzqpjl
081402,勘查技术与工程,地质类,8,8,专业,勘查技术与工程,成功,,g1fk9u88w5oxp87g
081804,轮机工程,交通运输类,9,8,专业类,交通运输类,成功,,4r8x7le9xf2kkde1
090501,林学,林学类,8,8,专业,林学,成功,,4ghxwuxoa5uy493t
081901,船舶与海洋工程,海洋工程类,8,8,专业,船舶与海洋工程,成功,,ofhevuyls8b913m2
090601,水产养殖学,水产类,8,8,专业,水产养殖学,成功,,1ad875c168j1qiko
101005,康复治疗学,医学技术类,2,8,专业,康复治疗学,成功,,bkfvwj27f3omugb9
080705,光电信息科学与工程,电子信息类,18,8,专业类,电子信息类,成功,,2zntbgw7sgcqy156
120205,国际商务,工商管理类,17,8,专业类,工商管理类,成功,,fl8y9l8v119q89vn
081803,航海技术,交通运输类,9,8,专业类,交通运输类,成功,,6wj6e4a3ph2hh58y
090201,农业资源与环境,自然保护与环境生态类,7,8,专业,农业资源与环境,成功,,fncy495v8a1t326w
081003,给排水科学与工程,土木类,18,8,专业类,土木类,成功,,vvlav54hf40qhdpb
081504,油气储运工程,矿业类,7,8,专业,油气储运工程,成功,,xx10gvk0g28dglw4
020304,投资学,金融学类,17,8,专业类,金融学类,成功,,4zg16aizbvqho676
081601,纺织工程,纺织类,8,8,专业,纺织工程,成功,,x1571ugjl8bnyxz6
120903,会展经济与管理,旅游管理类,16,8,专业类,旅游管理类,成功,,uiemmmu0hunjo765
050261,翻译,外国语言文学类,16,8,专业类,外国语言文学类,成功,,3snag6ch3u4f132t
082302,农业机械化及其自动化,农业工程类,8,8,专业,农业机械化及其自动化,成功,,97s7gr1wok84rzcj
030601,治安学,公安学类,2,7,专业,治安学,成功,,iwxgd3jfmgqrxsm1
081701,轻化工程,轻工类,8,8,专业,轻化工程,成功,,y1tmo6wj73ith8uc
130404,摄影,美术学类,10,8,专业类,美术学类,成功,,v00qzvgevdt74nzb
080402,材料物理,材料类,16,8,专业类,材料类,成功,,cp7synkq77z2kder
120902,酒店管理,旅游管理类,16,8,专业类,旅游管理类,成功,,fcy2720m39jm9zvz
010101,哲学,哲学类,8,7,专业,哲学,成功,,hota9lc5d66i41zx
082803,风景园林,建筑类,10,8,专业类,建筑类,成功,,syn8s2zx2mc4caw7
081503,矿物加工工程,矿业类,8,8,专业,矿物加工工程,成功,,uez5i4donvx912c9
081702,包装工程,轻工类,8,8,专业,包装工程,成功,,xzu5ocv0hdltn3eg
130505,服装与服饰设计,设计学类,18,8,专业类,设计学类,成功,,kr7gw0pyk2szyvh3
050305,编辑出版学,新闻传播学类,17,8,专业类,新闻传播学类,成功,,s0tb3bsy2amd734e
082201,核工程与核技术,核工程类,8,8,专业,核工程与核技术,成功,,qo9azch2k6gkb374
081002,建筑环境与能源应用工程,土木类,18,8,专业类,土木类,成功,,pyvgij73q45bnln8
020202,税收学,财政学类,8,8,专业,税收学,成功,,ux1kcsl3hgar7p7o
081102,水文与水资源工程,水利类,7,8,专业,水文与水资源工程,成功,,so7nghc5kjedjpnh
081004,建筑电气与智能化,土木类,18,8,专业类,土木类,成功,,7uot7t0lbfvsge7c
050205,西班牙语,外国语言文学类,16,8,专业类,外国语言文学类,成功,,543tdhm26slgbv7w
050304,传播学,新闻传播学类,17,8,专业类,新闻传播学类,成功,,jbqc3q3vvb0j7c3m
083101,刑事科学技术,公安技术类,2,7,专业,刑事科学技术,成功,,pwqm4muajzkw4ci4
082305,农业水利工程,农业工程类,8,8,专业,农业水利工程,成功,,76mgz2ojruu2vbju
070901,地质学,地质学类,6,8,专业,地质学,成功,,3t4f9q76aouzz419
081103,港口航道与海岸工程,水利类,8,8,专业,港口航道与海岸工程,成功,,imcfd1g47693ntva
050107,秘书学,中国语言文学类,12,8,专业类,中国语言文学类,成功,,xv3w6y9nbifnr24o
050104,中国少数民族语言文学,中国语言文学类,12,8,专业类,中国语言文学类,成功,,om1g2qy9zzhbxqmt
080710,集成电路设计与集成系统,电子信息类,18,8,专业类,电子信息类,成功,,kxn5qahipz3tdj7i
082004,飞行器动力工程,航空航天类,8,8,专业,飞行器动力工程,成功,,lyyd9dvn1sm2l9o7
082402,木材科学与工程,林业工程类,8,8,专业,木材科学与工程,成功,,chzb0bd2xyce6894
082003,飞行器制造工程,航空航天类,8,8,专业,飞行器制造工程,成功,,p3kvstw8qztvx05x
050306,网络与新媒体,新闻传播学类,17,8,专业类,新闻传播学类,成功,,267d4xxfutnj9x72
120101,管理科学,管理科学与工程类,17,8,专业类,管理科学与工程类,成功,,etmfnh0yif646a3g
071004,生态学,生物科学类,8,8,专业,生态学,成功,,jf2moit08btwlvsw
130206,舞蹈编导,音乐与舞蹈学类,13,8,专业类,音乐与舞蹈学类,成功,,248rboe19cz5ga64
090105,种子科学与工程,植物生产类,8,7,专业,种子科学与工程,成功,,pnco543r0uup6mwv
040204,武术与民族传统体育,体育学类,12,8,专业类,体育学类,成功,,e5ikrii2b2nhpccr
130403,雕塑,美术学类,10,8,专业类,美术学类,成功,,s1ejtp6y4fkmen78
120104,房地产开发与管理,管理科学与工程类,17,7,专业类,管理科学与工程类,成功,,ut3jicly5r3d2h6o
030202,国际政治,政治学类,8,7,专业,国际政治,成功,,c6umj7il0zc3ztjz
020402,贸易经济,经济与贸易类,17,8,专业类,经济与贸易类,成功,,cehi6lawr5gaijmz
080411,焊接技术与工程,材料类,16,8,专业类,材料类,成功,,hqg5h9pqewl7vgzk
082002,飞行器设计与工程,航空航天类,8,8,专业,飞行器设计与工程,成功,,s7qid0fab0yfl4tj
120213,财务会计教育,工商管理类,17,8,专业类,工商管理类,成功,,9273rkxr07aziebo
040102,科学教育,教育学类,14,8,专业类,教育学类,成功,,ygqfrspypxhaowp3
020102,经济统计学,经济学类,11,8,专业类,经济学类,成功,,jukos9c6tzeetyno
080910,数据科学与大数据技术,计算机类,18,0,专业类,计算机类,成功,,admhm6sqjpa5cw6q
130501,艺术设计学,设计学类,18,8,专业类,设计学类,成功,,5m5gwjhz8uk4lk4s
081805,飞行技术,交通运输类,9,7,专业类,交通运输类,成功,,qsbe2ipl9tjomq8v
090106,设施农业科学与工程,植物生产类,8,8,专业,设施农业科学与工程,成功,,r4wggpireazqp564
120502,档案学,图书情报与档案管理类,8,8,专业,档案学,成功,,43bhzc6slo510rlq
120302,农村区域发展,农业经济管理类,8,8,专业,农村区域发展,成功,,zc8k50rig60qgrqa
120208,资产评估,工商管理类,17,8,专业类,工商管理类,成功,,pl1q4a062uhu1b7j
070503,人文地理与城乡规划,地理科学类,7,8,专业,人文地理与城乡规划,成功,,fvkkmhmgt1p67slh
100901,法医学,法医学类,6,7,专业,法医学,成功,,mm9raer7d1opfkxo
090701,草业科学,草学类,7,8,专业,草业科学,成功,,ohi17khvogiywzmm
080907,智能科学与技术,计算机类,18,8,专业类,计算机类,成功,,xwmj3w4kklmdghxs
070601,大气科学,大气科学类,6,8,专业,大气科学,成功,,39bvpzu0qofyllda
080704,微电子科学与工程,电子信息类,18,8,专业类,电子信息类,成功,,jl7vc8gvp6su6n1a
081005,城市地下空间工程,土木类,18,8,专业类,土木类,成功,,mg432ox9bmtj73zj
130307,戏剧影视美术设计,戏剧与影视学类,18,8,专业类,戏剧与影视学类,成功,,7gbmhcqcnqiyhddt
030102,知识产权,法学类,11,7,专业类,法学类,成功,,1gg8tbczlblw5vl3
040108,特殊教育,教育学类,14,8,专业类,教育学类,成功,,w5vl46jdstt6irs7
090107,茶学,植物生产类,9,8,专业,茶学,成功,,jz16yvk4derlnkad
080503,新能源科学与工程,能源动力类,6,8,专业,新能源科学与工程,成功,,nhupz61qxs7kejrf
081202,遥感科学与技术,测绘类,8,8,专业,遥感科学与技术,成功,,8qvf10epyqt1be8p
071202,应用统计学,统计学类,5,8,专业,应用统计学,成功,,2j3a7b3lgw4hgf8e
090203,水土保持与荒漠化防治,自然保护与环境生态类,8,8,专业,水土保持与荒漠化防治,成功,,wrnzgkwq5nrl76zo
101007,卫生检验与检疫,医学技术类,3,7,专业,卫生检验与检疫,成功,,mqy7keoiocjsur4g
070701,海洋科学,海洋科学类,8,8,专业,海洋科学,成功,,30kczsybht11zwb4
081703,印刷工程,轻工类,8,8,专业,印刷工程,成功,,3rpdpasm7bqohxjn
050102,汉语言,中国语言文学类,12,8,专业类,中国语言文学类,成功,,9vopl9obqyqfqk8j
082103,探测制导与控制技术,兵器类,8,8,专业,探测制导与控制技术,成功,,e3hl3vmkdexxaljo
090403,动植物检疫,动物医学类,8,7,专业,动植物检疫,成功,,61dz90pjtechsw24
100802,中药资源与开发,中药学类,8,8,专业,中药资源与开发,成功,,on2u7q4whu542a8w
070801,地球物理学,地球物理学类,5,8,专业,地球物理学,成功,,wybcp5711dtzwuvp
082303,农业电气化,农业工程类,6,8,专业,农业电气化,成功,,kdaau3r1ksf4ztrb
080410,宝石及材料工艺学,材料类,16,8,专业类,材料类,成功,,xznjey8gxa3lsz1f
090108,烟草,植物生产类,3,8,专业,烟草,成功,,k00jz3t4krupfoml
050206,阿拉伯语,外国语言文学类,16,8,专业类,外国语言文学类,成功,,tz2t9s2zxhagvspa
100703,临床药学,药学类,4,8,专业,临床药学,成功,,km8ag8zyxvigwyr0
080717,人工智能,电子信息类,18,0,专业类,电子信息类,成功,,79f4y7gz3tsjeyvv
040205,运动人体科学,体育学类,12,8,专业类,体育学类,成功,,7con4uvgq46wvoam
080408,复合材料与工程,材料类,16,8,专业类,材料类,成功,,elrw049rgvmfpkwr
080414,新能源材料与器件,材料类,16,8,专业类,材料类,成功,,r9r5udyzcvdnvr7j
130405,书法学,美术学类,10,8,专业类,美术学类,成功,,tbk941gq8oxehdo8
040207,休闲体育,体育学类,12,8,专业类,体育学类,成功,,smbnhqvbqsb29lo9
120409,公共关系学,公共管理类,11,8,专业类,公共管理类,成功,,0w867uhcxpwcb57l
090104,植物科学与技术,植物生产类,8,7,专业,植物科学与技术,成功,,fov0yyq7jmlp5ops
082104,弹药工程与爆炸技术,兵器类,8,8,专业,弹药工程与爆炸技术,成功,,a6dk0wmvoj00aq4j
082708,烹饪与营养教育,食品科学与工程类,9,8,专业类,食品科学与工程类,成功,,b8mgfsw2q9eslbzp
130204,舞蹈表演,音乐与舞蹈学类,13,8,专业类,音乐与舞蹈学类,成功,,nbqzme5idgporjmo
082107,信息对抗技术,兵器类,8,8,专业,信息对抗技术,成功,,jcrye5qozkvtlh5s
030606,经济犯罪侦查,公安学类,2,7,专业,经济犯罪侦查,成功,,h6wv187kn3lkpctx
083002,生物制药,生物工程类,10,8,专业,生物制药,成功,,hn59hyu4c5yphg2a
083102,消防工程,公安技术类,8,8,专业,消防工程,成功,,zp2p6apmshrlanz2
130507,工艺美术,设计学类,18,8,专业类,设计学类,成功,,bo9i2g4k6zmtr2kx
120501,图书馆学,图书情报与档案管理类,8,8,专业,图书馆学,成功,,zlzvp7uareyhm8hk
030103,监狱学,法学类,11,7,专业类,法学类,成功,,4pl9f8mwzbqy5pff
060104,文物与博物馆学,历史学类,0,3,专业,文物与博物馆学,成功,,gcwq5w0xk80gugf1
050220,泰语,外国语言文学类,16,8,专业类,外国语言文学类,成功,,a9mnbgatkn9158x3
080716,应用电子技术教育,电子信息类,18,8,专业类,电子信息类,成功,,ohgqm3gvbs59cbsz
080412,功能材料,材料类,16,8,专业类,材料类,成功,,fbowkoujp9cvdnwz
101003,医学影像技术,医学技术类,2,8,专业,医学影像技术,成功,,snqiaelqotynpnv3
080802,轨道交通信号与控制,自动化类,14,8,专业类,自动化类,成功,,low4555zq482cncd
082304,农业建筑环境与能源工程,农业工程类,8,8,专业,农业建筑环境与能源工程,成功,,sh9cbnjx2o09iv1p
081304,能源化学工程,化工与制药类,8,8,专业类,化工与制药类,成功,,a0z0kvhmzwtmnaq7
040105,艺术教育,教育学类,14,8,专业类,教育学类,成功,,t923fatj0gyoq908
080502,能源与环境系统工程,能源动力类,8,8,专业,能源与环境系统工程,成功,,v2b2g1bda3s53d4g
120405,城市管理,公共管理类,11,7,专业类,公共管理类,成功,,uhytgw8gw8d0huzu
071003,生物信息学,生物科学类,6,8,专业,生物信息学,成功,,joeoy3e9pdjcnazf
020306,信用管理,金融学类,17,8,专业类,金融学类,成功,,vn6g4h616v1mz0zp
030401,民族学,民族学类,8,8,专业,民族学,成功,,noscb1va49iw0fz8
090602,海洋渔业科学与技术,水产类,4,8,专业,海洋渔业科学与技术,成功,,ow7wv1c66he4uwa1
090402,动物药学,动物医学类,7,7,专业,动物药学,成功,,qna0xuscwbi1omev
020305,金融数学,金融学类,17,8,专业类,金融学类,成功,,x22f3o794v6yvxuj
120904,旅游管理与服务教育,旅游管理类,16,8,专业类,旅游管理类,成功,,ay4lh0dq33w7bjsb
101004,眼视光学,医学技术类,2,8,专业,眼视光学,成功,,obupapu526d16hc8
060103,考古学,历史学类,8,8,专业,考古学,成功,,9w9atbu0vbg3rs6a
120209,物业管理,工商管理类,17,8,专业类,工商管理类,成功,,rjktjyc3ggq045pn
080712,电磁场与无线技术,电子信息类,18,8,专业类,电子信息类,成功,,vsfgryub0k4vv4pw
040206,运动康复,体育学类,12,3,专业类,体育学类,成功,,p97u08jrelcaa8yh
081808,船舶电子电气工程,交通运输类,9,8,专业类,交通运输类,成功,,01li3lko3h29af7h
120407,交通管理,公共管理类,11,1,专业类,公共管理类,成功,,eom7lao6mg87x2eg
130306,戏剧影视导演,戏剧与影视学类,18,5,专业类,戏剧与影视学类,成功,,bi0mgmjd08sst5fp
082506,资源环境科学,环境科学与工程类,10,8,专业类,环境科学与工程类,成功,,ols5rxu9mmvowmhj
120703,质量管理工程,工业工程类,5,3,专业,质量管理工程,成功,,goefw2nbver6tvdq
080212,汽车维修工程教育,机械类,18,8,专业类,机械类,成功,,mc9qc2v2ov80ex11
070702,海洋技术,海洋科学类,5,8,专业,海洋技术,成功,,v0geilqzhsudctti
130311,影视摄影与制作,戏剧与影视学类,18,8,专业类,戏剧与影视学类,成功,,4yhnp45yujpwt9vh
080803,机器人工程,自动化类,14,0,专业类,自动化类,成功,,1j8kvf5ad949cfvh
130308,录音艺术,戏剧与影视学类,18,8,专业类,戏剧与影视学类,成功,,d3s8dopx80s6vozm
090109,应用生物科学,植物生产类,5,8,专业,应用生物科学,成功,,h5d2juu6tb8vjqfk
081404,地下水科学与工程,地质类,4,8,专业,地下水科学与工程,成功,,3k1w4r7zgu3sibmf
080707,广播电视工程,电子信息类,18,8,专业类,电子信息类,成功,,31yjszc7q0zvuchi
070502,自然地理与资源环境,地理科学类,7,8,专业,自然地理与资源环境,成功,,s7g38ybvzpo7gjr2
082105,特种能源技术与工程,兵器类,0,3,专业,特种能源技术与工程,成功,,epe0bz50q3n685ck
040103,人文教育,教育学类,14,8,专业类,教育学类,成功,,f9fyx7tf4qhxehir
020307,经济与金融,金融学类,17,6,专业类,金融学类,成功,,dkkquebtixst1f11
083103,交通管理工程,公安技术类,2,7,专业,交通管理工程,成功,,3p7adoyyb4vv4igj
080101,理论与应用力学,力学类,8,8,专业,理论与应用力学,成功,,0pzao5pf40v4tj0h
070903,地球信息科学与技术,地质学类,8,8,专业,地球信息科学与技术,成功,,qvp5gd6jw0a0asvy
081505,矿物资源工程,矿业类,3,8,专业,矿物资源工程,成功,,b38r48npfw2yo02a
082401,森林工程,林业工程类,8,8,专业,森林工程,成功,,od39qwx9u2soe1x8
020103,国民经济管理,经济学类,11,8,专业类,经济学类,成功,,hqm71utsu68x0r78
080908,空间信息与数字技术,计算机类,18,8,专业类,计算机类,成功,,y71k9ue22jcv2xh5
082703,粮食工程,食品科学与工程类,9,8,专业类,食品科学与工程类,成功,,3ijhfqh570mglfq0
050238,意大利语,外国语言文学类,16,8,专业类,外国语言文学类,成功,,78d1uwduo8dgb8dj
082403,林产化工,林业工程类,8,8,专业,林产化工,成功,,555yewbq3api1aeu
070303,化学生物学,化学类,9,8,专业类,化学类,成功,,iyox29a849q9h8hw
080711,医学信息工程,电子信息类,18,8,专业类,电子信息类,成功,,2x33c0k135qnopcl
082706,葡萄与葡萄酒工程,食品科学与工程类,9,8,专业类,食品科学与工程类,成功,,sdoyperdzxb3axvn
100805,中药制药,中药学类,4,8,专业,中药制药,成功,,gkb6h380wo2y9ah9
070902,地球化学,地质学类,6,8,专业,地球化学,成功,,6qprqw9wwmw44kmc
100205,精神医学,临床医学类,12,8,专业类,临床医学类,成功,,o6fa4j1mv2txrf9s
100806,中草药栽培与鉴定,中药学类,6,8,专业,中草药栽培与鉴定,成功,,jaaru68g10c9uxxj
082705,酿酒工程,食品科学与工程类,9,8,专业类,食品科学与工程类,成功,,uud42egc4ll6icrk
100101,基础医学,基础医学类,8,8,专业,基础医学,成功,,rd27k1sc9v8qjt4x
080211,机电技术教育,机械类,18,8,专业类,机械类,成功,,tjj6noyg4flw96hd
050223,越南语,外国语言文学类,16,8,专业类,外国语言文学类,成功,,2nn1czote62ftnfr
090202,野生动物与自然保护区管理,自然保护与环境生态类,8,8,专业,野生动物与自然保护区管理,成功,,xd570pukfl246aph
120108,大数据管理与应用,管理科学与工程类,17,0,专业类,管理科学与工程类,成功,,b5jndcvrgy83m0mi
083108,网络安全与执法,公安技术类,2,8,专业,网络安全与执法,成功,,l19wru2cxkziqkgb
081506,海洋油气工程,矿业类,0,8,专业,海洋油气工程,成功,,kf35tblkt3niwcz8
130509,艺术与科技,设计学类,18,8,专业类,设计学类,成功,,as0wzc8nmhg8ivl4
081603,非织造材料与工程,纺织类,5,8,专业,非织造材料与工程,成功,,5l7309ptyrzv5ryy
030615,警务指挥与战术,公安学类,2,7,专业,警务指挥与战术,成功,,z220emz4jjg8bcog
030604,禁毒学,公安学类,7,7,专业,禁毒学,成功,,cqv60aopi4icbh8z
080709,电子封装技术,电子信息类,18,8,专业类,电子信息类,成功,,lmimpmqboy8fl0yj
080602,智能电网信息工程,电气类,17,8,专业类,电气类,成功,,c0xt48v4l5ru8c6c
082204,核化工与核燃料工程,核工程类,4,8,专业,核化工与核燃料工程,成功,,vilhsmehq2ffaq1u
082504,环境生态工程,环境科学与工程类,10,0,专业类,环境科学与工程类,成功,,i9wrnomb6tx43999
030203,外交学,政治学类,8,8,专业,外交学,成功,,1dvxn04gkmo4dfvz
050232,葡萄牙语,外国语言文学类,16,8,专业类,外国语言文学类,成功,,xpf4vyiokrbhsp6x
060102,世界史,历史学类,7,4,专业,世界史,成功,,gvxbzvzirhw22mep
130506,公共艺术,设计学类,18,8,专业类,设计学类,成功,,tzlxkmr8pf4xkhlj
082102,武器发射工程,兵器类,6,5,专业,武器发射工程,成功,,24qm16a1bahhtpcx
070602,应用气象学,大气科学类,4,8,专业,应用气象学,成功,,ldf7lev5wjeovf2t
080216,新能源汽车工程,机械类,18,0,专业类,机械类,成功,,n8iaes2h6vnv2ela
070703,海洋资源与环境,海洋科学类,0,3,专业,海洋资源与环境,成功,,3uip9innjkeijgrl
080409,粉体材料科学与工程,材料类,16,8,专业类,材料类,成功,,pdffzdkjcox89mzz
080715,电信工程及管理,电子信息类,18,8,专业类,电子信息类,成功,,756zywaeegc2dcuv
090302,蚕学,动物生产类,2,8,专业,蚕学,成功,,qbbj2bh3vrgspgty
090603,水族科学与技术,水产类,4,8,专业,水族科学与技术,成功,,ethwjfmg76n64trg
130406,中国画,美术学类,10,8,专业类,美术学类,成功,,etm055p7meo9r46g
020109,数字经济,经济学类,11,0,专业类,经济学类,成功,,j4e94x4g5calpjzw
081303,资源循环科学与工程,化工与制药类,8,8,专业类,化工与制药类,成功,,1k9typoypsgt3nzh
082707,食品营养与检验教育,食品科学与工程类,9,9,专业类,食品科学与工程类,成功,,49p6x77mqjtd0ryu
100504,蒙医学,中医学类,5,8,专业,蒙医学,成功,,abx2ubefno18kyjp
100704,药事管理,药学类,4,8,专业,药事管理,成功,,8c5ljcv29s1cu19v
081104,水务工程,水利类,9,8,专业,水务工程,成功,,vtv9epvqybsvqgs7
082106,装甲车辆工程,兵器类,0,0,专业,装甲车辆工程,成功,,279gqlv5c3s1c5t5
130203,作曲与作曲技术理论,音乐与舞蹈学类,13,8,专业类,音乐与舞蹈学类,成功,,45rlbh5odnbxxa7q
082501,环境科学与工程,环境科学与工程类,10,8,专业类,环境科学与工程类,成功,,liie4w6xv4a7isfm
080603,光源与照明,电气类,17,8,专业类,电气类,成功,,wjstz7k6fa3o8oh4
130303,电影学,戏剧与影视学类,18,0,专业类,戏剧与影视学类,成功,,249wcwtgcnhvptlz
081806,交通设备与控制工程,交通运输类,9,8,专业类,交通运输类,成功,,898vcfa8h18qx161
090503,森林保护,林学类,0,1,专业,森林保护,成功,,kzu9j51qj120qghf
120211,劳动关系,工商管理类,17,8,专业类,工商管理类,成功,,t0c1iyi6inx4hr2v
120109,工程审计,管理科学与工程类,17,0,专业类,管理科学与工程类,成功,,gdgikiagub05fznr
120408,海事管理,公共管理类,11,8,专业类,公共管理类,成功,,xte6x1freobk08gp
120212,体育经济与管理,工商管理类,17,0,专业类,工商管理类,成功,,oxlx38w8g5l5x10t
050105,古典文献学,中国语言文学类,12,0,专业类,中国语言文学类,成功,,39wzx7vpdo8npyhn
100206,放射医学,临床医学类,12,8,专业类,临床医学类,成功,,76zva1ju7vbpoo4a
100503,藏医学,中医学类,3,8,专业,藏医学,成功,,0ahcb4l7yo0831wn
030305,家政学,社会学类,5,8,专业,家政学,成功,,mpqbdcuqo10ivugg
082001,航空航天工程,航空航天类,0,4,专业,航空航天工程,成功,,k1nh9cs1d8g6uucb
030204,国际事务与国际关系,政治学类,0,8,专业,国际事务与国际关系,成功,,fpm2uwvqxrw2phkd
030612,公安管理学,公安学类,2,7,专业,公安管理学,成功,,pz4w8t7l6dq5q5my
060105,文物保护技术,历史学类,4,8,专业,文物保护技术,成功,,klnyd23jl54vrps5
070203,核物理,物理学类,5,8,专业,核物理,成功,,ga4hl84ci3bp2yao
080713,电波传播与天线,电子信息类,18,8,专业类,电子信息类,成功,,jwqeaziu5qqahajy
030502,中国共产党历史,马克思主义理论类,0,0,专业,中国共产党历史,成功,,7ux51b9sybcpm1wl
120802,电子商务及法律,电子商务类,4,4,专业,电子商务及法律,成功,,cz71wpqmeos4664l
080604,电气工程与智能控制,电气类,17,6,专业类,电气类,成功,,ypyzqtczdontl289
080917,区块链工程,计算机类,18,0,专业类,计算机类,成功,,1pibuviuu7hr6xax
082006,飞行器质量与可靠性,航空航天类,0,0,专业,飞行器质量与可靠性,成功,,se9aynr75hd8nrrn
100402,食品卫生与营养学,公共卫生与预防医学类,3,5,专业,食品卫生与营养学,成功,,wr9800m76ppwslnu
070304,分子科学与工程,化学类,9,8,专业类,化学类,成功,,x81z5pkaxw6xo4ce
030610,公安情报学,公安学类,2,7,专业,公安情报学,成功,,4opct4vw1ayg97ph
080213,智能制造工程,机械类,18,0,专业类,机械类,成功,,s7uy5z6xw1g6gujd
030613,涉外警务,公安学类,2,7,专业,涉外警务,成功,,0ldw6wxima666iw5
081008,智能建造,土木类,18,0,专业类,土木类,成功,,idjpfqtuqobgwof9
020106,能源经济,经济学类,11,8,专业类,经济学类,成功,,dm5fjwk0r8symzvz
030303,人类学,社会学类,5,8,专业,人类学,成功,,sp4ftk299guofekh
080708,水声工程,电子信息类,18,8,专业类,电子信息类,成功,,ltodzj27kimzw0o0
020104,资源与环境经济学,经济学类,11,0,专业类,经济学类,成功,,i0bbp4mmt8yfyhns
050216,缅甸语,外国语言文学类,16,5,专业类,外国语言文学类,成功,,ffh7a0es4byqam7i
101008,听力与言语康复学,医学技术类,0,0,专业,听力与言语康复学,成功,,c0nb0i9323ghl828
070103,数理基础科学,数学类,11,8,专业类,数学类,成功,,ya7g55ab8jqyd6oq
070802,空间科学与技术,地球物理学类,0,8,专业,空间科学与技术,成功,,xw0z2tbt9xu575m6
090303,蜂学,动物生产类,1,8,专业,蜂学,成功,,ki4kqc3tn9o7i26z
020105,商务经济学,经济学类,11,0,专业类,经济学类,成功,,cqa4aoc6i9tt06vw
082704,乳品工程,食品科学与工程类,9,8,专业类,食品科学与工程类,成功,,qnpwogzuk9hb31ck
083104,安全防范工程,公安技术类,2,8,专业,安全防范工程,成功,,7duhuhn07tjhhwfd
082505,环保设备工程,环境科学与工程类,10,8,专业类,环境科学与工程类,成功,,yrjv0hc6ow31aiud
080413,纳米材料与技术,材料类,16,8,专业类,材料类,成功,,acctp0n1q8nicwtn
082101,武器系统与工程,兵器类,5,8,专业,武器系统与工程,成功,,t7gg2cckcmixg34q
030603,边防管理,公安学类,4,7,专业,边防管理,成功,,8bg1aigeqcxh81pg
050215,老挝语,外国语言文学类,16,2,专业类,外国语言文学类,成功,,c71mjox1xg01vjfq
080804,邮政工程,自动化类,14,0,专业类,自动化类,成功,,n4cxa4e9a8oqpwbg
100706,药物化学,药学类,0,8,专业,药物化学,成功,,9lf4q1ef780wq1gl
120214,市场营销教育,工商管理类,17,4,专业类,工商管理类,成功,,p31yidinpy7199xy
070401,天文学,天文学类,3,8,专业,天文学,成功,,lbmhwk6t7mb67j8w
120702,标准化工程,工业工程类,0,8,专业,标准化工程,成功,,3sofmlv1x5tqnd8c
081305,化学工程与工业生物工程,化工与制药类,8,1,专业类,化工与制药类,成功,,sodu02s95k806bbt
050213,印地语,外国语言文学类,16,5,专业类,外国语言文学类,成功,,d9mc6z86apncg6yc
080209,机械工艺技术,机械类,18,0,专业类,机械类,成功,,66wi1rbimmn8cxfs
120503,信息资源管理,图书情报与档案管理类,5,8,专业,信息资源管理,成功,,9sbpw7ycg8tfwzs6
120410,健康服务与管理,公共管理类,11,0,专业类,公共管理类,成功,,96b3c1i0899hohng
010102,逻辑学,哲学类,2,1,专业,逻辑学,成功,,ywk8xoyo73mqacso
030605,警犬技术,公安学类,2,0,专业,警犬技术,成功,,f67mw3sqint2y18l
081604,服装设计与工艺教育,纺织类,5,8,专业,服装设计与工艺教育,成功,,f4w3cih2hak7kieo
100803,藏药学,中药学类,4,8,专业,藏药学,成功,,p8wdgoda4tf6db5b
050212,印度尼西亚语,外国语言文学类,16,5,专业类,外国语言文学类,成功,,2783znzg9myge67e
083105,公安视听技术,公安技术类,0,1,专业,公安视听技术,成功,,5hic9wugw7riq95t
120803,跨境电子商务,电子商务类,0,0,专业,跨境电子商务,成功,,39is8ny2d3szdxke
020309,互联网金融,金融学类,17,0,专业类,金融学类,成功,,ulspf1hk9vicanov
101002,医学实验技术,医学技术类,0,0,专业,医学实验技术,成功,,ijxo8pn35hnemvhz
120406,海关管理,公共管理类,11,3,专业类,公共管理类,成功,,ewr35k9lbl57ic9y
120107,邮政管理,管理科学与工程类,17,0,专业类,管理科学与工程类,成功,,aei8n1abnl2sodxr
130101,艺术史论,艺术学理论类,0,0,专业,艺术史论,成功,,g8ibntrbe0h80yqi
050214,柬埔寨语,外国语言文学类,16,3,专业类,外国语言文学类,成功,,ffnecvz77fq19jh9
082202,辐射防护与核安全,核工程类,0,0,专业,辐射防护与核安全,成功,,k2e8skrocxoei5sl
082203,工程物理,核工程类,0,5,专业,工程物理,成功,,0bd89wgkgjdanx7j
070204,声学,物理学类,0,3,专业,声学,成功,,nzjppmed5bcyxs2p
100705,药物分析,药学类,0,8,专业,药物分析,成功,,ffupsqdoz16bujlf
081903,海洋资源开发技术,海洋工程类,0,8,专业,海洋资源开发技术,成功,,2g3icyztc9rgrpob
082005,飞行器环境与生命保障工程,航空航天类,2,8,专业,飞行器环境与生命保障工程,成功,,4a6j8l8jfb01kbni
100204,眼视光医学,临床医学类,12,0,专业类,临床医学类,成功,,co58uydpmc6acosg
081902,海洋工程与技术,海洋工程类,0,8,专业,海洋工程与技术,成功,,nhmos6wwvjhs1yfe
082301,农业工程,农业工程类,2,4,专业,农业工程,成功,,fmgizd3vzjna2vw6
030611,犯罪学,公安学类,2,7,专业,犯罪学,成功,,l64ctl54cei5py1v
050217,马来语,外国语言文学类,16,6,专业类,外国语言文学类,成功,,qgkch4ju7f3xcu59
080909,电子与计算机工程,计算机类,18,4,专业类,计算机类,成功,,zsf5qk3pjs1imcex
081807,救助与打捞工程,交通运输类,9,3,专业类,交通运输类,成功,,lctomxtnsgnfsqfu
070904,古生物学,地质学类,0,5,专业,古生物学,成功,,2a5za1oerii8mnei
010103,宗教学,哲学类,6,8,专业,宗教学,成功,,cckp96mkzay64the
120604,供应链管理,物流管理与工程类,8,0,专业类,物流管理与工程类,成功,,rc4i8l1tmkw2zwv7
130208,航空服务艺术与管理,音乐与舞蹈学类,13,0,专业类,音乐与舞蹈学类,成功,,tf39iwehr5bxcyhq
100505,维医学,中医学类,3,8,专业,维医学,成功,,skhuuhhgkz97x46n
082507,水质科学与技术,环境科学与工程类,10,8,专业类,环境科学与工程类,成功,,jobuaw4ny68gt5a1
100804,蒙药学,中药学类,4,8,专业,蒙药学,成功,,ft4dji8qq64tkm1t
101006,口腔医学技术,医学技术类,0,0,专业,口腔医学技术,成功,,94wsrh3szvbdxohq
130302,戏剧学,戏剧与影视学类,18,6,专业类,戏剧与影视学类,成功,,qugdu1rmw0ghqzji
020310,金融科技,金融学类,17,0,专业类,金融学类,成功,,nyffxhbwjmcvfaht
090110,农艺教育,植物生产类,4,8,专业,农艺教育,成功,,u986ff4wet122x1j
080719,柔性电子学,电子信息类,18,0,专业类,电子信息类,成功,,zz5gw9ua4rhh82va
090604,水生动物医学,水产类,0,0,专业,水生动物医学,成功,,ns7cm2neto1gtbn1
082009,无人驾驶航空器系统工程,航空航天类,0,0,专业,无人驾驶航空器系统工程,成功,,epvyyxyxxthgszht
100707,海洋药学,药学类,5,8,专业,海洋药学,成功,,5xyjoldzyugeq1uo
082804,历史建筑保护工程,建筑类,10,8,专业类,建筑类,成功,,ya8j2urp86lg9m6k
050307,数字出版,新闻传播学类,17,1,专业类,新闻传播学类,成功,,cijugzwnh3nvgmy9
050235,土耳其语,外国语言文学类,16,3,专业类,外国语言文学类,成功,,o0sdftnantdg4ipq
081203,导航工程,测绘类,0,2,专业,导航工程,成功,,8mr9e7nvdgp6n5zp
100506,壮医学,中医学类,0,4,专业,壮医学,成功,,nl5h0xhtj7b22ygu
080210,微机电系统工程,机械类,18,5,专业类,机械类,成功,,vtgnx5a8ch6qycbf
050208,波斯语,外国语言文学类,16,0,专业类,外国语言文学类,成功,,0cr0qbqf6iuuyth4
030304,女性学,社会学类,4,8,专业,女性学,成功,,el0bvflgh7raqg5e
080214,智能车辆工程,机械类,18,0,专业类,机械类,成功,,ulmetkj8grjm09ei
130510,陶瓷艺术设计,设计学类,18,0,专业类,设计学类,成功,,qd2qg9m6s2yv0jyf
080911,网络空间安全,计算机类,18,0,专业类,计算机类,成功,,85c3r07647f0lp4m
101102,助产学,护理学类,0,0,专业,助产学,成功,,nmzy85bl89wwnw8u
090111,园艺教育,植物生产类,5,5,专业,园艺教育,成功,,u6vctz7wc0d9s3sd
100207,儿科学,临床医学类,12,0,专业类,临床医学类,成功,,22fggpkt5bn77eph
130511,新媒体艺术,设计学类,18,0,专业类,设计学类,成功,,s9qmsnxqaugxymsm
030608,消防指挥,公安学类,0,0,专业,消防指挥,成功,,kmm60ettd6nlbfgs
081204,地理国情监测,测绘类,0,4,专业,地理国情监测,成功,,6kj3kbglwud8bob1
080916,虚拟现实技术,计算机类,18,0,专业类,计算机类,成功,,izhr59j8n9y3j652
140007,智能医学工程,-,0,0,专业,智能医学工程,成功,,m85iq8gysai4xju0
120106,保密管理,管理科学与工程类,17,0,专业类,管理科学与工程类,成功,,d1lq7rzk46vdoxsh
090206,湿地保护与恢复,自然保护与环境生态类,0,0,专业,湿地保护与恢复,成功,,f6bg5okebkx45te5
120603,采购管理,物流管理与工程类,8,1,专业类,物流管理与工程类,成功,,z2gmb68svl60kv65
081306,化工安全工程,化工与制药类,8,0,专业类,化工与制药类,成功,,fto68axkslrasagl
100513,中医骨伤科学,中医学类,0,0,专业,中医骨伤科学,成功,,3ul6fs8qlelvm9io
130410,漫画,美术学类,10,0,专业类,美术学类,成功,,yow4gff5v6f8hmja
050221,乌尔都语,外国语言文学类,16,0,专业类,外国语言文学类,成功,,fh9055sd0ilug0mc
082007,飞行器适航技术,航空航天类,0,3,专业,飞行器适航技术,成功,,qfp9k84zkcor892o
082012,飞行器运维工程,航空航天类,0,0,专业,飞行器运维工程,成功,,0umgtgz0p5nf30z1
100510,中医康复学,中医学类,0,0,专业,中医康复学,成功,,ulfbtzdl1rr5op4s
050106,应用语言学,中国语言文学类,12,0,专业类,中国语言文学类,成功,,k8vzwss53fxwvdqe
080303,智能感知工程,仪器类,0,0,专业,智能感知工程,成功,,nzh1kotoqp6defjd
081308,精细化工,化工与制药类,8,0,专业类,化工与制药类,成功,,tfggckvi85xk1p77
100708,化妆品科学与技术,药学类,0,0,专业,化妆品科学与技术,成功,,jeyxdds4jiwas5dl
030108,纪检监察,法学类,11,0,专业类,法学类,成功,,72lsnxa9rr8urp5t
082306,土地整治工程,农业工程类,0,0,专业,土地整治工程,成功,,hreqw5reaiqwjk8a
020308,精算学,金融学类,17,5,专业类,金融学类,成功,,ybjfcicn5b8n3auu
030623,铁路警务,公安学类,0,0,专业,铁路警务,成功,,zjbrfhuem67ap9en
050228,波兰语,外国语言文学类,16,0,专业类,外国语言文学类,成功,,m8cqa4e8yiza2eia
050246,芬兰语,外国语言文学类,16,0,专业类,外国语言文学类,成功,,20gi9xs8al8u25pb
081507,智能采矿工程,矿业类,0,0,专业,智能采矿工程,成功,,lbe56uvdnqhjahpc
081705,化妆品技术与工程,轻工类,0,0,专业,化妆品技术与工程,成功,,nqi0itz0y6z3qb7t
081811,智慧交通,交通运输类,9,0,专业类,交通运输类,成功,,dq672otu8hvfx6y4
090112,智慧农业,植物生产类,0,0,专业,智慧农业,成功,,ja58l1pkowwutzl9
010104,伦理学,哲学类,0,0,专业,伦理学,成功,,02uqzi1ovfinucwe
020108,经济工程,经济学类,11,0,专业类,经济学类,成功,,7j90n8tb4wan50zt
020107,劳动经济学,经济学类,11,0,专业类,经济学类,成功,,vsetb6sbaigfluuc
020203,国际税收,财政学类,0,0,专业,国际税收,成功,,i8hzdc39n8swqsfr
020311,金融审计,金融学类,17,0,专业类,金融学类,成功,,un9q5icz1wbozzbb
020403,国际经济发展合作,经济与贸易类,17,0,专业类,经济与贸易类,成功,,ya70tcgtdfanpd99
030111,国家安全学,法学类,11,0,专业类,法学类,成功,,p3z7bj0e5kfalv1q
030105,国际经贸规则,法学类,11,0,专业类,法学类,成功,,bc13s14jff3axxhz
030112,海外利益安全,法学类,11,0,专业类,法学类,成功,,1ighprosyxpc1s23
030109,国际法,法学类,11,0,专业类,法学类,成功,,on7sfuft49ys8h4u
030106,司法警察学,法学类,11,0,专业类,法学类,成功,,mzzc0ocr24ibg7g5
030110,司法鉴定学,法学类,11,0,专业类,法学类,成功,,r0kwwile8j1c97jh
030107,社区矫正,法学类,11,0,专业类,法学类,成功,,vnins4pawacrgg24
030104,信用风险管理与法律防控,法学类,11,0,专业类,法学类,成功,,4qnovrczmcnzcb14
030205,政治学、经济学与哲学,政治学类,0,0,专业,政治学、经济学与哲学,成功,,vvg31rol5scilfvk
030206,国际组织与全球治理,政治学类,0,0,专业,国际组织与全球治理,成功,,wagzlblkxnxih2uf
030306,老年学,社会学类,0,0,专业,老年学,成功,,mdsvkrxelzp7fttu
030307,社会政策,社会学类,0,0,专业,社会政策,成功,,oikd39ywaim7zxpy
030501,科学社会主义,马克思主义理论类,0,0,专业,科学社会主义,成功,,ksylfrkrxqb173l5
030504,马克思主义理论,马克思主义理论类,5,5,专业,马克思主义理论,成功,,5uwoqioqbu5db6cp
030505,工会学,马克思主义理论类,0,0,专业,工会学,成功,,7o5bd0vr11ibkjww
030614,国内安全保卫,公安学类,0,3,专业,国内安全保卫,成功,,kdt8jpait2wgxgyn
030620,出入境管理,公安学类,0,0,专业,出入境管理,成功,,o9h3zrwnzldfu5fy
030609,警卫学,公安学类,0,0,专业,警卫学,成功,,9hyevb4rwprh2v1p
030621,反恐警务,公安学类,0,0,专业,反恐警务,成功,,mqcqo4o8dikp8076
030622,消防政治工作,公安学类,0,0,专业,消防政治工作,成功,,nbhl1465ckrdvn9b
030619,移民管理,公安学类,0,0,专业,移民管理,成功,,s6dqmb1y7ikc6epa
030618,公安政治工作,公安学类,0,0,专业,公安政治工作,成功,,7k9vsp8chyxg0qa2
040109,华文教育,教育学类,14,0,专业类,教育学类,成功,,ve4gz9rwm6mwuvq9
040114,劳动教育,教育学类,14,0,专业类,教育学类,成功,,68h1ngsz0srl0hzu
040110,教育康复学,教育学类,14,0,专业类,教育学类,成功,,byn1n5emsjx3nwx4
040111,卫生教育,教育学类,14,0,专业类,教育学类,成功,,lba7he1682ul0dod
040118,婴幼儿发展与健康管理,教育学类,14,0,专业类,教育学类,成功,,pd9ga3cxwfxh1qbl
040115,家庭教育,教育学类,14,0,专业类,教育学类,成功,,y6gjdgl5gavsomfv
040113,融合教育,教育学类,14,0,专业类,教育学类,成功,,wvr20549zui9tud8
040116,孤独症儿童教育,教育学类,14,0,专业类,教育学类,成功,,i46u67t8d4igd8jl
040117,人工智能教育,教育学类,14,0,专业类,教育学类,成功,,njd99oz827rtu3tw
040112,认知科学与技术,教育学类,14,0,专业类,教育学类,成功,,1ywvdojmqv7d71rg
040211,智能体育工程,体育学类,12,0,专业类,体育学类,成功,,m1wb2qk1d0sz3arm
040217,航空运动,体育学类,12,0,专业类,体育学类,成功,,gmk1qlqr7255uyxr
040209,冰雪运动,体育学类,12,0,专业类,体育学类,成功,,cepip1vpjqkjons5
040213,运动能力开发,体育学类,12,0,专业类,体育学类,成功,,w112dyxepzvm593p
040212,体育旅游,体育学类,12,0,专业类,体育学类,成功,,cp6f0r4049kpu5e7
040210,电子竞技运动与管理,体育学类,12,0,专业类,体育学类,成功,,v0uvdmosbrjnn2kq
040214,足球运动,体育学类,12,0,专业类,体育学类,成功,,0zffysnjvk4nti5s
040216,体育康养,体育学类,12,0,专业类,体育学类,成功,,gd1w7hmwt4p90tpt
040208,体能训练,体育学类,12,0,专业类,体育学类,成功,,blfef88dit53ko80
040215,马术运动与管理,体育学类,12,0,专业类,体育学类,成功,,pth0toi8zenx6swh
050112,汉学与中国学,中国语言文学类,12,0,专业类,中国语言文学类,成功,,wfpoe34zpw6zrgx1
050111,中国古典学,中国语言文学类,12,0,专业类,中国语言文学类,成功,,z1v8nqzs0xcsamb6
050109,手语翻译,中国语言文学类,12,0,专业类,中国语言文学类,成功,,j6rego92nz2bztkx
050110,数字人文,中国语言文学类,12,0,专业类,中国语言文学类,成功,,zd99qorl1v064xoz
050108,中国语言与文化,中国语言文学类,12,0,专业类,中国语言文学类,成功,,oqv17ydhx8zpqhuz
050113,应用中文,中国语言文学类,12,0,专业类,中国语言文学类,成功,,62axmxz4gkbre38c
050210,菲律宾语,外国语言文学类,16,0,专业类,外国语言文学类,成功,,0fvl213cecjx70pq
050211,梵语巴利语,外国语言文学类,16,0,专业类,外国语言文学类,成功,,lmz1pmhj0vw98zul
050218,蒙古语,外国语言文学类,16,0,专业类,外国语言文学类,成功,,pzm8wrnuxetg7t3k
050219,僧伽罗语,外国语言文学类,16,0,专业类,外国语言文学类,成功,,7sdlrjqhr528otcn
050222,希伯来语,外国语言文学类,16,2,专业类,外国语言文学类,成功,,34rxbgzanwn94yxr
050224,豪萨语,外国语言文学类,16,0,专业类,外国语言文学类,成功,,0b1ul4e32vmp61vp
050226,阿尔巴尼亚语,外国语言文学类,16,0,专业类,外国语言文学类,成功,,dprxy3zzxzlhr4hl
050227,保加利亚语,外国语言文学类,16,0,专业类,外国语言文学类,成功,,iu8k698avzlipkdw
050229,捷克语,外国语言文学类,16,0,专业类,外国语言文学类,成功,,zigk9i4pu3c5mq05
050239,泰米尔语,外国语言文学类,16,0,专业类,外国语言文学类,成功,,dhqqovjz8aev4cnn
050240,普什图语,外国语言文学类,16,0,专业类,外国语言文学类,成功,,xlun716dwf1vd4ap
050241,世界语,外国语言文学类,16,0,专业类,外国语言文学类,成功,,95o08s5xow2ps9sf
050242,孟加拉语,外国语言文学类,16,0,专业类,外国语言文学类,成功,,td2xf4fehfcmusyg
050243,尼泊尔语,外国语言文学类,16,0,专业类,外国语言文学类,成功,,dvls01n41b6rx3x9
050247,乌克兰语,外国语言文学类,16,0,专业类,外国语言文学类,成功,,41fy2estmuxcrrmu
050234,塞尔维亚语,外国语言文学类,16,0,专业类,外国语言文学类,成功,,hwc8wob4lt1056ye
050282,白俄罗斯语,外国语言文学类,16,0,专业类,外国语言文学类,成功,,bshlsi4yqilurpnm
0502100,语言学,外国语言文学类,16,0,专业类,外国语言文学类,成功,,c48bcx9purvdfmvr
050253,立陶宛语,外国语言文学类,16,0,专业类,外国语言文学类,成功,,rpx4s3rvv6w6l2ek
050254,斯洛文尼亚语,外国语言文学类,16,0,专业类,外国语言文学类,成功,,fck4rcogpb4k2dol
050257,哈萨克语,外国语言文学类,16,0,专业类,外国语言文学类,成功,,cbjy720d040up0kk
050258,乌兹别克语,外国语言文学类,16,0,专业类,外国语言文学类,成功,,ztqb28v2tvvhgybm
050259,祖鲁语,外国语言文学类,16,0,专业类,外国语言文学类,成功,,ci44lb731qqogjc1
050260,拉丁语,外国语言文学类,16,0,专业类,外国语言文学类,成功,,b0q0ym9nwa03alz3
050225,斯瓦希里语,外国语言文学类,16,0,专业类,外国语言文学类,成功,,no9l3ofzf6m9l7un
050231,罗马尼亚语,外国语言文学类,16,0,专业类,外国语言文学类,成功,,p6tk3wlqlwttvws6
050233,瑞典语,外国语言文学类,16,0,专业类,外国语言文学类,成功,,pomv1qram9zigwi5
050236,希腊语,外国语言文学类,16,0,专业类,外国语言文学类,成功,,58l6t37p9qqlqjwt
050237,匈牙利语,外国语言文学类,16,0,专业类,外国语言文学类,成功,,ehtfqu1jz3xj7ye9
050230,斯洛伐克语,外国语言文学类,16,1,专业类,外国语言文学类,成功,,ntql25rxwj1n193h
050245,荷兰语,外国语言文学类,16,0,专业类,外国语言文学类,成功,,9lfquzkbu7w9nr6c
0502104,区域国别学,外国语言文学类,16,0,专业类,外国语言文学类,成功,,nckxu6o4slnkbn5t
050272,阿塞拜疆语,外国语言文学类,16,0,专业类,外国语言文学类,成功,,6upt788kkc0509b1
050269,亚美尼亚语,外国语言文学类,16,0,专业类,外国语言文学类,成功,,0ntzwf1doyzrwwu7
050309,国际新闻与传播,新闻传播学类,17,0,专业类,新闻传播学类,成功,,6wtnwie0q26j8pv3
050308,时尚传播,新闻传播学类,17,0,专业类,新闻传播学类,成功,,wwh8deh2nvvojt7x
050310,会展,新闻传播学类,17,0,专业类,新闻传播学类,成功,,qwaanqibsaq9kybc
060106,外国语言与外国历史,历史学类,0,0,专业,外国语言与外国历史,成功,,22k7kcs2qp0mzrga
060107,文化遗产,历史学类,0,0,专业,文化遗产,成功,,jlv6a845bv2jw0h6
060108,古文字学,历史学类,0,0,专业,古文字学,成功,,h0o5ha0vgn3o0kup
060109,科学史,历史学类,0,0,专业,科学史,成功,,vgspvwcufdv998lx
070104,数据计算及应用,数学类,11,0,专业类,数学类,成功,,437qqucome60ktkd
070205,系统科学与工程,物理学类,0,0,专业,系统科学与工程,成功,,l4je9ljt1h9h347f
070206,量子信息科学,物理学类,0,0,专业,量子信息科学,成功,,3n1l77h9sj8owrjp
070305,能源化学,化学类,9,0,专业类,化学类,成功,,5juwzgwatm32eo4a
070306,化学测量学与技术,化学类,9,0,专业类,化学类,成功,,aenhvchzj2k1hbb5
070307,资源化学,化学类,9,0,专业类,化学类,成功,,4n5m8c1drh9iuqg7
070604,地球系统科学,大气科学类,0,0,专业,地球系统科学,成功,,oi014z4bpz7amsj4
070603,气象技术与工程,大气科学类,0,0,专业,气象技术与工程,成功,,e6fcgtazxo9tst8s
070704,军事海洋学,海洋科学类,0,0,专业,军事海洋学,成功,,vfonz90zlaarzii6
070705,海洋科学与技术,海洋科学类,0,0,专业,海洋科学与技术,成功,,xszc6satj7wrldis
070804,行星科学,地球物理学类,0,0,专业,行星科学,成功,,g0jdw34ouu6x4p1n
070803,防灾减灾科学与工程,地球物理学类,0,0,专业,防灾减灾科学与工程,成功,,j5m8ywo2wt1toan2
071006,神经科学,生物科学类,0,0,专业,神经科学,成功,,ym1rv4yorpr365p3
071005,整合科学,生物科学类,0,0,专业,整合科学,成功,,6923phsq87tr8m84
071203,数据科学,统计学类,0,0,专业,数据科学,成功,,gkbhw0vrsn56g5z1
071204,生物统计学,统计学类,0,0,专业,生物统计学,成功,,vm8hby2vz8jyozek
080218,智能交互设计,机械类,18,0,专业类,机械类,成功,,momiks3hl4m839bo
080217,增材制造工程,机械类,18,0,专业类,机械类,成功,,wh7zhkmqfjdn7vst
080220,农林智能装备工程,机械类,18,0,专业类,机械类,成功,,tz5ka2r3hinaxi02
080215,仿生科学与工程,机械类,18,0,专业类,机械类,成功,,1ldb5ef58e31mn0p
080219,应急装备技术与工程,机械类,18,0,专业类,机械类,成功,,ne1gppodxk7f4p2l
080302,精密仪器,仪器类,0,0,专业,精密仪器,成功,,2zspzwx7l27ts8va
080420,材料智能技术,材料类,16,0,专业类,材料类,成功,,n6axwr7h70ac8e2i
080423,稀土材料科学与工程,材料类,16,0,专业类,材料类,成功,,fimwxrg56buz2kd6
080417,智能材料与结构,材料类,16,0,专业类,材料类,成功,,655p9shknt72t36e
080415,材料设计科学与工程,材料类,16,0,专业类,材料类,成功,,rvpcxdoqwhy3oak5
080418,光电信息材料与器件,材料类,16,0,专业类,材料类,成功,,lfq36wi3n93ue0qa
080421,电子信息材料,材料类,16,0,专业类,材料类,成功,,wm5v7cjkijwe7vi1
080419,生物材料,材料类,16,0,专业类,材料类,成功,,7hrt4exf5mb3zsas
080422,软物质科学与工程,材料类,16,0,专业类,材料类,成功,,f7vc8u4gtc9galnb
080416,复合材料成型工程,材料类,16,0,专业类,材料类,成功,,1o2enn7s4yy04c0s
080507,可持续能源,能源动力类,0,0,专业,可持续能源,成功,,2c37kk2v2qv18naa
080504,储能科学与工程,能源动力类,0,0,专业,储能科学与工程,成功,,f6zws3r4shnr33tx
080505,能源服务工程,能源动力类,0,0,专业,能源服务工程,成功,,51gcbfok0mh2gwk9
080506,氢能科学与工程,能源动力类,0,0,专业,氢能科学与工程,成功,,66q9fh1oxs3jp30n
080605,电机电器智能化,电气类,17,0,专业类,电气类,成功,,x0zqhtchcwzn21dd
080606,电缆工程,电气类,17,0,专业类,电气类,成功,,7f9kz3ullpt0d9ok
080610,大功率半导体科学与工程,电气类,17,0,专业类,电气类,成功,,xiqpfu706npjo3d8
080608,智慧能源工程,电气类,17,0,专业类,电气类,成功,,tlenuqu7jd3dcxag
080607,能源互联网工程,电气类,17,0,专业类,电气类,成功,,6b46w5dq4ay88ms9
080609,电动载运工程,电气类,17,0,专业类,电气类,成功,,ujyswo74ogmucpft
080720,智能测控工程,电子信息类,18,0,专业类,电子信息类,成功,,lqlolo58bqbjw5rp
080721,智能视觉工程,电子信息类,18,0,专业类,电子信息类,成功,,s66diju05ufarvc4
080722,智能视听工程,电子信息类,18,0,专业类,电子信息类,成功,,ykefz5hutgbelgau
080718,海洋信息工程,电子信息类,18,0,专业类,电子信息类,成功,,axf66mambfmq1dtz
080808,智能工程与创意设计,自动化类,14,0,专业类,自动化类,成功,,ojo6ety09qtlma9n
080806,智能装备与系统,自动化类,14,0,专业类,自动化类,成功,,ozwahwxer69dvd4a
080807,工业智能,自动化类,14,0,专业类,自动化类,成功,,fmsgsz29h7pl8z1j
080805,核电技术与控制工程,自动化类,14,0,专业类,自动化类,成功,,va2qr9e89ar5j4bc
080918,密码科学与技术,计算机类,18,0,专业类,计算机类,成功,,4wocuzzqq83tewux
080914,保密技术,计算机类,18,0,专业类,计算机类,成功,,qid4p422zf6kfv1x
080912,新媒体技术,计算机类,18,0,专业类,计算机类,成功,,uaprwgvvehzpcjhf
080915,服务科学与工程,计算机类,18,0,专业类,计算机类,成功,,poqpi7ikp48ufucw
080919,工业软件,计算机类,18,0,专业类,计算机类,成功,,szstur3i2idn5ld3
080913,电影制作,计算机类,18,0,专业类,计算机类,成功,,z9dz36nfyj8wd4su
081010,土木、水利与交通工程,土木类,18,0,专业类,土木类,成功,,2y9bk8rhseheedng
081013,工程软件,土木类,18,0,专业类,土木类,成功,,rxrh5sno7st495au
081007,铁道工程,土木类,18,0,专业类,土木类,成功,,2s2100rme0bco5o2
081012,智能建造与智慧交通,土木类,18,0,专业类,土木类,成功,,8zazmny97o5wxa5i
081011,城市水系统工程,土木类,18,0,专业类,土木类,成功,,oeh1nzh6jik9cm1d
081009,土木、水利与海洋工程,土木类,18,0,专业类,土木类,成功,,xu2b4boj6tfs7uhl
081106,智慧水利,水利类,0,0,专业,智慧水利,成功,,kvf4b0md7k8911xa
081105,水利科学与工程,水利类,0,0,专业,水利科学与工程,成功,,1h6p6oeq3tegpsrb
081206,时空信息工程,测绘类,0,0,专业,时空信息工程,成功,,w1goxumpty1j9b9t
081205,地理空间信息工程,测绘类,0,0,专业,地理空间信息工程,成功,,gu3sviogt7o9ux42
081307,涂料工程,化工与制药类,8,0,专业类,化工与制药类,成功,,d292wmbf0l44hhn3
081309,智能分子工程,化工与制药类,8,0,专业类,化工与制药类,成功,,u9iulws47el4e2w0
081405,旅游地学与规划工程,地质类,0,0,专业,旅游地学与规划工程,成功,,eic0m591fvptmv9c
081407,资源环境大数据工程,地质类,0,0,专业,资源环境大数据工程,成功,,ogvffy4sapzmp4ji
081406,智能地球探测,地质类,0,0,专业,智能地球探测,成功,,3uzqndfnql3lqh4t
081508,碳储科学与工程,矿业类,0,0,专业,碳储科学与工程,成功,,hcgoqtxc541zcgwe
081605,丝绸设计与工程,纺织类,0,0,专业,丝绸设计与工程,成功,,cepr0g97kn2csbrm
081707,生物质技术与工程,轻工类,0,0,专业,生物质技术与工程,成功,,j1jmha4h9m8158qa
081704,香料香精技术与工程,轻工类,0,0,专业,香料香精技术与工程,成功,,hdbqa81imdbmi6es
081706,生物质能源与材料,轻工类,0,0,专业,生物质能源与材料,成功,,mg4u7nu8bh87azi3
081812,智能运输工程,交通运输类,9,0,专业类,交通运输类,成功,,y1pylaj9frx8bn8g
081809,轨道交通电气与控制,交通运输类,9,0,专业类,交通运输类,成功,,c5ffb0yg32mil59v
081810,邮轮工程与管理,交通运输类,9,0,专业类,交通运输类,成功,,usqzeo1gipeaf008
081906,智能海洋装备,海洋工程类,0,0,专业,智能海洋装备,成功,,87myjmaemgp66kim
081905,智慧海洋技术,海洋工程类,0,0,专业,智慧海洋技术,成功,,hohu48b1n2s2zhfj
081904,海洋机器人,海洋工程类,0,0,专业,海洋机器人,成功,,algnmvqnuog34wbn
082008,飞行器控制与信息工程,航空航天类,0,0,专业,飞行器控制与信息工程,成功,,lre8c8jpj2d7brxr
082010,智能飞行器技术,航空航天类,0,0,专业,智能飞行器技术,成功,,q1rk56c1kykfa2zq
082011,空天智能电推进技术,航空航天类,0,0,专业,空天智能电推进技术,成功,,5mtsb4rta0ttk6vj
082108,智能无人系统技术,兵器类,0,0,专业,智能无人系统技术,成功,,moxrj6fb7o4pj57b
082307,农业智能装备工程,农业工程类,0,0,专业,农业智能装备工程,成功,,sfdz2u45scqwe405
082405,木结构建筑与材料,林业工程类,0,0,专业,木结构建筑与材料,成功,,pwg9eqcxfzbfg6n7
082404,家具设计与工程,林业工程类,0,0,专业,家具设计与工程,成功,,d7r4gk1650uju0pt
082604,康复工程,生物医学工程类,0,0,专业,康复工程,成功,,160v36mewehq8p53
082602,假肢矫形工程,生物医学工程类,0,0,专业,假肢矫形工程,成功,,dcm4vvqze2aqm63f
082603,临床工程技术,生物医学工程类,0,0,专业,临床工程技术,成功,,5r0nuv0s0ewm8kh8
082605,健康科学与技术,生物医学工程类,0,0,专业,健康科学与技术,成功,,g85f1wiaamspamag
082710,食品营养与健康,食品科学与工程类,9,0,专业类,食品科学与工程类,成功,,7x1prc24dy2g18um
082712,白酒酿造工程,食品科学与工程类,9,0,专业类,食品科学与工程类,成功,,w823mfofi8pssodt
082711,食用菌科学与工程,食品科学与工程类,9,0,专业类,食品科学与工程类,成功,,1fdc6n6y75zdtdi8
082713,咖啡科学与工程,食品科学与工程类,9,0,专业类,食品科学与工程类,成功,,eqe1g2k2o7re9i5w
082709,食品安全与检测,食品科学与工程类,9,0,专业类,食品科学与工程类,成功,,877tvc5jwzp2koyy
082807,智慧建筑与建造,建筑类,10,0,专业类,建筑类,成功,,4orvbkwwqpbillnx
082805,人居环境科学与技术,建筑类,10,0,专业类,建筑类,成功,,bat6gb62lv8soh4z
082806,城市设计,建筑类,10,0,专业类,建筑类,成功,,oybbz7fq4lfrf1s3
082902,应急技术与管理,安全科学与工程类,0,0,专业,应急技术与管理,成功,,aspus70ztw829w7b
082904,安全生产监管,安全科学与工程类,0,0,专业,安全生产监管,成功,,hfdp8n57t36yp45t
082905,智慧应急,安全科学与工程类,0,0,专业,智慧应急,成功,,os6mjzdlvtdxjb4p
082903,职业卫生工程,安全科学与工程类,0,0,专业,职业卫生工程,成功,,inl1w269ka2aqxo5
083003,合成生物学,生物工程类,0,0,专业,合成生物学,成功,,1kravcthq887wkfr
083106,抢险救援指挥与技术,公安技术类,0,0,专业,抢险救援指挥与技术,成功,,tus9sxcfp6f2uqcf
083112,食品药品环境犯罪侦查技术,公安技术类,0,0,专业,食品药品环境犯罪侦查技术,成功,,7wbq11gsf589gr43
083107,火灾勘查,公安技术类,0,0,专业,火灾勘查,成功,,6kjomi8s4hlfp8h9
083109,核生化消防,公安技术类,0,0,专业,核生化消防,成功,,5mppr8rhpmfezlzj
083111,数据警务技术,公安技术类,0,0,专业,数据警务技术,成功,,jo0s1bs72p39isd2
090115,生物农药科学与工程,植物生产类,0,0,专业,生物农药科学与工程,成功,,dudou4ztmaqgrbsf
090117,生物育种技术,植物生产类,0,0,专业,生物育种技术,成功,,jcyvj75ajnunligq
090116,生物育种科学,植物生产类,0,0,专业,生物育种科学,成功,,cn64z8gl1cwh77l5
090113,菌物科学与工程,植物生产类,0,0,专业,菌物科学与工程,成功,,8h5qr8iap7yjtyf6
090114,农药化肥,植物生产类,0,0,专业,农药化肥,成功,,6zayozr98b9epb53
090207,国家公园建设与管理,自然保护与环境生态类,0,0,专业,国家公园建设与管理,成功,,7wx2s1tb1knbc7qb
090208,生态修复学,自然保护与环境生态类,0,0,专业,生态修复学,成功,,xzxh8ze4frymqjyy
090204,生物质科学与工程,自然保护与环境生态类,0,0,专业,生物质科学与工程,成功,,wrh2z8gptrvchigi
090205,土地科学与技术,自然保护与环境生态类,0,0,专业,土地科学与技术,成功,,85pre4896yg3aopa
090304,经济动物学,动物生产类,0,0,专业,经济动物学,成功,,ksf5vnsgk5n3nymi
090305,马业科学,动物生产类,0,0,专业,马业科学,成功,,2jwsnos9icxw640f
090307,智慧牧业科学与工程,动物生产类,0,0,专业,智慧牧业科学与工程,成功,,sdwmqyhhvmt43g0p
090306,饲料工程,动物生产类,0,0,专业,饲料工程,成功,,nqdq3pwt9fojldzb
090405,中兽医学,动物医学类,0,0,专业,中兽医学,成功,,qz690rk424fxdtmz
090406,兽医公共卫生,动物医学类,0,0,专业,兽医公共卫生,成功,,n9siyhcf6y5n02rh
090404,实验动物学,动物医学类,0,0,专业,实验动物学,成功,,a8cpmtlilzua1350
090504,经济林,林学类,0,0,专业,经济林,成功,,0p6uuz9lpbuvhggr
090505,智慧林业,林学类,0,0,专业,智慧林业,成功,,krsq9ttdcxxuluy0
090702,草坪科学与工程,草学类,0,0,专业,草坪科学与工程,成功,,zwmf6qqumzmr6btb
100103,生物医学科学,基础医学类,0,0,专业,生物医学科学,成功,,ullbejj2x807je8r
100102,生物医学,基础医学类,0,0,专业,生物医学,成功,,zpk2v6yevmucywe2
100403,妇幼保健医学,公共卫生与预防医学类,0,0,专业,妇幼保健医学,成功,,vol5iux8elaketrq
100404,卫生监督,公共卫生与预防医学类,0,0,专业,卫生监督,成功,,q3ty681ub12wtvse
100405,全球健康学,公共卫生与预防医学类,0,0,专业,全球健康学,成功,,4j2tcold27ye5oqp
100406,运动与公共健康,公共卫生与预防医学类,0,0,专业,运动与公共健康,成功,,18wsd7ow19xrxn3p
100507,哈医学,中医学类,0,0,专业,哈医学,成功,,iiweu650h2qeh9rr
100512,中医儿科学,中医学类,0,0,专业,中医儿科学,成功,,r5w69jxsfwsdr6a3
100511,中医养生学,中医学类,0,0,专业,中医养生学,成功,,yfebpmivpblxlw5q
100508,傣医学,中医学类,0,0,专业,傣医学,成功,,8z7zb1r950c1uct9
100709,药物经济与管理,药学类,0,0,专业,药物经济与管理,成功,,xuiw8x238qb78poz
101016,健康与医疗保障,医学技术类,0,0,专业,健康与医疗保障,成功,,6rna5r4cj8au36st
101017,老年医学与健康,医学技术类,0,0,专业,老年医学与健康,成功,,q4lpdwm1cim1azkj
101010,康复作业治疗,医学技术类,0,0,专业,康复作业治疗,成功,,o231rp6qf01okpyv
101009,康复物理治疗,医学技术类,0,0,专业,康复物理治疗,成功,,eryk60xg58ubygoh
120111,应急管理,管理科学与工程类,17,0,专业类,管理科学与工程类,成功,,2tpcr1g2xflzy714
120110,计算金融,管理科学与工程类,17,0,专业类,管理科学与工程类,成功,,niy78g96lsvsfn6o
120218,内部审计,工商管理类,17,0,专业类,工商管理类,成功,,0mjx5gyx5bdxgp78
120217,海关稽查,工商管理类,17,0,专业类,工商管理类,成功,,2axu9t63w66ydm6i
120216,创业管理,工商管理类,17,0,专业类,工商管理类,成功,,y3l381ycoe15nyrf
120215,零售业管理,工商管理类,17,0,专业类,工商管理类,成功,,vlhwj1lraelq6jra
120303,乡村治理,农业经济管理类,0,0,专业,乡村治理,成功,,8yzyefkozsc4o5gl
120420,无障碍管理,公共管理类,11,0,专业类,公共管理类,成功,,fjpiqoq69nwfvhhl
120418,慈善管理,公共管理类,11,0,专业类,公共管理类,成功,,r2jbwsaump4nb0w5
120413,医疗保险,公共管理类,11,0,专业类,公共管理类,成功,,ylulnsa8vg7bm3jt
120416,海外安全管理,公共管理类,11,0,专业类,公共管理类,成功,,d7xcy7hr1pj32dqn
120417,自然资源登记与管理,公共管理类,11,0,专业类,公共管理类,成功,,qt5bcivdftyuqfx4
120415,海关检验检疫安全,公共管理类,11,0,专业类,公共管理类,成功,,6oc23lu8w7l0xd4j
120421,人才发展与管理,公共管理类,11,0,专业类,公共管理类,成功,,1d8g24m67yz3c6k5
120419,航空安防管理,公共管理类,11,0,专业类,公共管理类,成功,,p1fbo0vz3a1rv9ct
120414,养老服务管理,公共管理类,11,0,专业类,公共管理类,成功,,13r0n8kdzgbmpkjn
120412,医疗产品管理,公共管理类,11,0,专业类,公共管理类,成功,,3wgzv9h99fp8q0rm
120905,国际邮轮管理,旅游管理类,16,0,专业类,旅游管理类,成功,,toak2ugsd0nls48p
130102,艺术管理,艺术学理论类,0,0,专业,艺术管理,成功,,cajlfcvirrhgb9fm
130103,非物质文化遗产保护,艺术学理论类,0,0,专业,非物质文化遗产保护,成功,,p6yf4iirfjtqxvv8
130214,舞蹈治疗,音乐与舞蹈学类,13,0,专业类,音乐与舞蹈学类,成功,,48y4k4iemivphtce
130207,舞蹈教育,音乐与舞蹈学类,13,0,专业类,音乐与舞蹈学类,成功,,o74b412pui4yzgdl
130211,流行舞蹈,音乐与舞蹈学类,13,0,专业类,音乐与舞蹈学类,成功,,68bcimkv6ppyzd5a
130209,流行音乐,音乐与舞蹈学类,13,0,专业类,音乐与舞蹈学类,成功,,iy2lmx3r0ilkmfck
130212,音乐教育,音乐与舞蹈学类,13,0,专业类,音乐与舞蹈学类,成功,,3olnd77rum1cb291
130215,音乐科技,音乐与舞蹈学类,13,0,专业类,音乐与舞蹈学类,成功,,10izumcwqooh05o6
130210,音乐治疗,音乐与舞蹈学类,13,0,专业类,音乐与舞蹈学类,成功,,wpsni545nhhrkuk1
130213,冰雪舞蹈表演,音乐与舞蹈学类,13,0,专业类,音乐与舞蹈学类,成功,,z5n3bk65ehftex0e
130317,数字演艺设计,戏剧与影视学类,18,0,专业类,戏剧与影视学类,成功,,kb1x82n4n59v8f0y
130318,智能影像艺术,戏剧与影视学类,18,0,专业类,戏剧与影视学类,成功,,3j1bbh1hx7tl4bse
130313,戏剧教育,戏剧与影视学类,18,0,专业类,戏剧与影视学类,成功,,kd7srfp4i5rg8z85
130314,曲艺,戏剧与影视学类,18,0,专业类,戏剧与影视学类,成功,,zsrgw3f1c63epe2l
130316,数字戏剧,戏剧与影视学类,18,0,专业类,戏剧与影视学类,成功,,r06yv5shwxppzvx6
130315,音乐剧,戏剧与影视学类,18,0,专业类,戏剧与影视学类,成功,,7kubpdpgfyk20ezj
130312,影视技术,戏剧与影视学类,18,0,专业类,戏剧与影视学类,成功,,u1xjpt7qmeiilpam
130412,科技艺术,美术学类,10,0,专业类,美术学类,成功,,cpjiix7qltuz11s8
130413,美术教育,美术学类,10,0,专业类,美术学类,成功,,ymjiywf3n30cwltl
130408,跨媒体艺术,美术学类,10,0,专业类,美术学类,成功,,18sjs1118afaj7oy
130414,虚拟空间艺术,美术学类,10,0,专业类,美术学类,成功,,hh367j2tqtir499r
130407,实验艺术,美术学类,10,0,专业类,美术学类,成功,,u3azp8zgfsrgmxm2
130411,纤维艺术,美术学类,10,0,专业类,美术学类,成功,,wf3fybks5qy8zow8
130409,文物保护与修复,美术学类,10,0,专业类,美术学类,成功,,pl04ku8fjcihswzz
130515,游戏艺术设计,设计学类,18,0,专业类,设计学类,成功,,4gntrsoi6ds7od77
130512,包装设计,设计学类,18,0,专业类,设计学类,成功,,ht8efmibex9c6k1l
130514,人居设计,设计学类,18,0,专业类,设计学类,成功,,r7b3991jyfu4tpjt
130513,珠宝首饰设计与工艺,设计学类,18,0,专业类,设计学类,成功,,g7deuo0u1jvsdva8
140001,未来机器人,-,0,0,专业,未来机器人,成功,,mpep6kycdbof63k4
140009,智能影像工程,-,0,0,专业,智能影像工程,成功,,uepghwhg02qsbiem
140011,医疗器械与装备工程,-,0,0,专业,医疗器械与装备工程,成功,,wnzsr3ocq7l88yef
140004,集成电路科学与工程,-,0,0,专业,集成电路科学与工程,成功,,r56jw8ympvolepwq
140002,交叉工程,-,0,0,专业,交叉工程,成功,,404g135s2hbd4f3t
140005,碳中和科学与工程,-,0,0,专业,碳中和科学与工程,成功,,w0bwk19u5xbgi2g9
140008,生物医药数据科学,-,0,0,专业,生物医药数据科学,成功,,hm9o88qgwct2i0wc
140010,医工学,-,0,0,专业,医工学,成功,,epyjsozq1amqtl4e
140006,智慧城市与空间规划,-,0,0,专业,智慧城市与空间规划,成功,,7bgywhrn6n5mmkvm
140003,低空技术与工程,-,0,0,专业,低空技术与工程,成功,,ti20m4f9zj1oi0ao
